Talhão;Código;Latitude;Longitude
AP-01;AL550395Z;-13.17;-56.771
AP-02;AL550396Z;-13.171;-56.79
AP-02-2;AL551919Z;-13.17;-56.776
AP-03;AL550397Z;-13.18;-56.793
AP-04;AL550398Z;-13.184;-56.8
AP-05;AL550399Z;-13.188;-56.765
AP-06;AL550400Z;-13.186;-56.777
AP-07;AL550401Z;-13.19;-56.79
AP-08;AL550402Z;-13.192;-56.8
AP-09;AL550884Z;-13.202;-56.808
AP-10;AL550885Z;-13.203;-56.798
AP-11;AL553699Z;-13.213;-56.804
AP-11;AL550886Z;-13.207;-56.804
AP-12;AL551104Z;-13.211;-56.794
AP-13;AL551105Z;-13.205;-56.786
AP-14;AL551106Z;-13.202;-56.773
AR-01;AL551800Z;-13.342;-53.949
AR-02;AL551801Z;-13.357;-53.956
AR-03;AL552058Z;-13.358;-53.944
AR-04;AL552059Z;-13.371;-53.946
AR-11;AL551802Z;-13.369;-53.964
AR-14;AL551978Z;-13.364;-54.002
AR-18;AL551979Z;-13.356;-54.004
AR-19;AL551803Z;-13.351;-53.972
AR-20;AL551804Z;-13.351;-53.979
AR-21;AL551980Z;-13.349;-53.987
AR-22;AL551981Z;-13.348;-54.007
AR-23;AL551982Z;-13.34;-53.965
AR-24;AL551908Z;-13.34;-53.978
AR-25;AL551983Z;-13.338;-53.987
AR-26;AL551984Z;-13.341;-54.008
AR-27;AL551805Z;-13.334;-53.943
AR-28;AL553697Z;-13.332;-53.952
AR-28;AL551806Z;-13.331;-53.952
AR-29;AL551985Z;-13.325;-53.961
AR-30;AL553885Z;-13.332;-53.963
AR-30;AL551986Z;-13.33;-53.968
AR-31;AL551987Z;-13.327;-53.985
AR-32;AL551989Z;-13.323;-53.994
AR-33;AL551990Z;-13.32;-53.937
AR-36;AL551991Z;-13.314;-53.976
AR-37;AL551992Z;-13.312;-53.986
AR-38;AL551993Z;-13.309;-53.986
AR-39;AL551994Z;-13.305;-54
AR-40;AL551995Z;-13.299;-54
AR-41;AL551996Z;-13.301;-53.985
AR-42;AL551997Z;-13.299;-53.973
AR-45;AL551998Z;-13.299;-53.934
AR-47;AL554254Z;-13.283;-53.983
AR-47;AL551558Z;-13.283;-53.983
AR-48;AL554255Z;-13.282;-53.977
AR-48;AL551559Z;-13.282;-53.977
AR-50;AL554257Z;-13.347;-53.966
AR-50;AL551560Z;-13.274;-53.993
AR-51;AL554258Z;-13.27;-53.986
AR-51;AL551561Z;-13.27;-53.986
AR-52;AL554259Z;-13.273;-53.977
AR-52;AL551562Z;-13.273;-53.977
AR-54;AL554261Z;-13.256;-54.008
AR-54;AL551563Z;-13.256;-54.008
AR-55;AL554262Z;-13.347;-53.966
AR-55;AL551564Z;-13.257;-53.999
AR-56;AL554263Z;-13.347;-53.966
AR-56;AL551565Z;-13.255;-53.988
AR-57;AL554265Z;-13.347;-53.966
AR-57;AL551566Z;-13.257;-53.974
AR-59;AL554269Z;-13.347;-53.966
AR-59;AL551567Z;-13.244;-54.01
AR-60;AL554270Z;-13.241;-54.002
AR-60;AL551568Z;-13.241;-54.002
AR-64;AL554271Z;-13.347;-53.966
AR-64;AL551569Z;-13.236;-53.952
AR-65;AL554273Z;-13.347;-53.966
AR-65;AL551570Z;-13.235;-53.945
AR-66;AL554274Z;-13.224;-53.946
AR-66;AL551571Z;-13.224;-53.946
AV-01;AL553976Z;-11.905;-56.234
AV-01;AL549990Z;-11.907;-56.22
AV-02;AL553977Z;-11.896;-56.232
AV-02;AL549991Z;-11.896;-56.232
AV-03;AL553978Z;-11.905;-56.234
AV-03;AL549992Z;-11.895;-56.242
AV-04;AL553979Z;-11.885;-56.231
AV-04;AL549993Z;-11.885;-56.231
AV-05;AL553980Z;-11.882;-56.238
AV-05;AL549994Z;-11.882;-56.238
AV-06;AL553981Z;-11.905;-56.234
AV-06;AL549995Z;-11.868;-56.233
AV-07;AL553982Z;-11.869;-56.241
AV-07;AL549996Z;-11.869;-56.241
AV-08;AL553983Z;-11.861;-56.234
AV-08;AL549997Z;-11.861;-56.234
AV-09;AL553984Z;-11.861;-56.242
AV-09;AL549998Z;-11.861;-56.242
AV-10;AL548065Z;-11.888;-56.252
AV-10;AL550403Z;-11.888;-56.252
AV-11;AL553985Z;-11.905;-56.234
AV-11;AL550404Z;-11.898;-56.255
AV-12;AL553986Z;-11.91;-56.253
AV-12;AL550405Z;-11.91;-56.253
AV-13;AL553987Z;-11.91;-56.261
AV-13;AL550406Z;-11.91;-56.261
AV-14;AL553988Z;-11.909;-56.278
AV-14;AL549999Z;-11.909;-56.279
AV-15;AL553989Z;-11.905;-56.234
AV-15;AL550407Z;-11.896;-56.273
AV-16;AL553990Z;-11.892;-56.279
AV-16-1;AL550000Z;-11.894;-56.276
AV-16-2;AL553642Z;-11.892;-56.282
AV-17;AL548059Z;-11.889;-56.286
AV-17;AL550001Z;-11.889;-56.286
AV-18;AL549939Z;-11.872;-56.279
AV-18;AL551799Z;-11.871;-56.274
AV-18;AL550002Z;-11.877;-56.282
AV-19;AL553991Z;-11.905;-56.234
AV-19;AL550003Z;-11.912;-56.288
AV-20;AL553992Z;-11.905;-56.234
AV-20;AL550409Z;-11.912;-56.301
AV-21;AL553993Z;-11.9;-56.289
AV-21;AL550004Z;-11.9;-56.289
AV-22;AL548054Z;-11.901;-56.299
AV-22;AL550410Z;-11.901;-56.299
AV-23;AL553994Z;-11.905;-56.234
AV-23;AL550411Z;-11.891;-56.295
AV-24;AL553995Z;-11.91;-56.314
AV-24;AL550412Z;-11.91;-56.314
AV-25;AL553996Z;-11.905;-56.234
AV-25;AL550413Z;-11.902;-56.315
AV-26;AL553997Z;-11.888;-56.329
AV-26;AL551004Z;-11.888;-56.329
AV-27;AL553998Z;-11.905;-56.234
AV-27;AL550415Z;-11.891;-56.337
AV-28;AL553999Z;-11.905;-56.234
AV-28;AL550416Z;-11.872;-56.315
AV-29;AL554000Z;-11.905;-56.234
AV-29;AL550417Z;-11.875;-56.323
AV-31;AL554001Z;-11.905;-56.234
AV-31;AL550418Z;-11.867;-56.379
AV-P1;AL548063Z;-11.896;-56.268
AV-P1;AL550005Z;-11.896;-56.268
AZ-01;AL554229Z;-10.467;-45.48
AZ-01;AL552002Z;-10.467;-45.48
AZ-01;AL549843Z;-10.467;-45.48
BA-01-1;AL551117Z;-16.393;-55.262
BA-01-2;AL550909Z;-16.396;-55.254
BE-01;AL554073Z;-12.91;-56.359
BE-01-1;AL550111Z;-12.91;-56.359
BE-01-2;AL553677Z;-12.907;-56.373
BE-02;AL554074Z;-11.933;-56.299
BE-02;AL550112Z;-12.896;-56.358
BE-03;AL554075Z;-12.886;-56.351
BE-03;AL550114Z;-12.886;-56.351
BE-04;AL554076Z;-12.87;-56.348
BE-04;AL550115Z;-12.87;-56.348
BE-05;AL554077Z;-12.839;-56.357
BE-05;AL550118Z;-12.839;-56.357
BE-06;AL554078Z;-12.855;-56.362
BE-06;AL550119Z;-12.855;-56.362
BE-07;AL554079Z;-12.867;-56.363
BE-07;AL550009Z;-12.867;-56.363
BE-08;AL554080Z;-12.879;-56.367
BE-08;AL550010Z;-12.879;-56.367
BE-09;AL548099Z;-12.892;-56.37
BE-09;AL550120Z;-12.892;-56.37
BE-10;AL548102Z;-12.897;-56.378
BE-10;AL550121Z;-12.897;-56.378
BE-11;AL554081Z;-12.896;-56.399
BE-11;AL550013Z;-12.896;-56.399
BE-12;AL554082Z;-12.903;-56.403
BE-12;AL550014Z;-12.903;-56.403
BE-13;AL554083Z;-12.916;-56.401
BE-13-1;AL550015Z;-12.916;-56.395
BE-13-2;AL551810Z;-12.915;-56.403
BE-14;AL550880Z;-12.916;-56.383
BE-15;AL554084Z;-12.911;-56.369
BE-15;AL550881Z;-12.922;-56.377
BE-16;AL554085Z;-12.924;-56.363
BE-16;AL550016Z;-12.924;-56.363
BE-17;AL554086Z;-12.882;-56.397
BE-17;AL550123Z;-12.882;-56.397
BE-18;AL554087Z;-12.876;-56.393
BE-18;AL550124Z;-12.876;-56.393
BE-19;AL554088Z;-12.864;-56.392
BE-19;AL550126Z;-12.864;-56.392
BE-20;AL554089Z;-12.852;-56.393
BE-20;AL550017Z;-12.852;-56.393
BE-21;AL554090Z;-12.84;-56.394
BE-21;AL550128Z;-12.84;-56.394
BE-22;AL554091Z;-12.911;-56.369
BE-22;AL550130Z;-12.841;-56.38
BE-23;AL554092Z;-12.826;-56.394
BE-23;AL550131Z;-12.826;-56.394
BE-24;AL550018Z;-12.911;-56.369
BE-24;AL550134Z;-12.826;-56.387
BE-25;AL554093Z;-12.911;-56.369
BE-25;AL550136Z;-12.826;-56.376
BJ-01;AL553886Z;-16.793;-54.123
BJ-01;AL550023Z;-16.793;-54.123
BJ-02;AL553887Z;-16.787;-54.113
BJ-02;AL550024Z;-16.787;-54.113
BJ-03;AL553888Z;-16.793;-54.088
BJ-03;AL551811Z;-16.793;-54.088
BJ-04;AL553889Z;-16.787;-54.092
BJ-04;AL550026Z;-16.785;-54.095
BJ-05;AL553890Z;-16.798;-54.119
BJ-05;AL551876Z;-16.79;-54.079
BJ-06;AL553891Z;-16.773;-54.091
BJ-06;AL550028Z;-16.773;-54.091
BJ-07;AL553892Z;-16.798;-54.119
BJ-07;AL550029Z;-16.776;-54.083
BJ-08;AL553893Z;-16.778;-54.072
BJ-08;AL550030Z;-16.778;-54.072
BJ-09;AL553894Z;-16.788;-54.066
BJ-09;AL550420Z;-16.788;-54.066
BR-01;AL554248Z;-14.568;-58.693
BR-01;AL553549Z;-14.574;-58.702
BR-01;AL550031Z;-14.568;-58.692
BR-02;AL550044Z;-14.58;-58.689
BR-03;AL550150Z;-14.583;-58.696
BR-04;AL554249Z;-14.595;-58.689
BR-04;AL550152Z;-14.595;-58.689
BR-05;AL554250Z;-14.58;-58.702
BR-05;AL550917Z;-14.609;-58.678
BR-05;AL551359Z;-14.609;-58.675
BR-06;AL551011Z;-14.619;-58.659
BR-06;AL551812Z;-14.622;-58.663
BR-07;AL549933Z;-14.633;-58.661
BR-07;AL551120Z;-14.633;-58.672
BR-07;AL551813Z;-14.632;-58.661
BR-08;AL550032Z;-14.599;-58.7
BR-09;AL550033Z;-14.61;-58.707
BR-10;AL550034Z;-14.607;-58.719
BR-11;AL550154Z;-14.608;-58.731
BR-12;AL553270Z;-14.581;-58.708
BR-12;AL550035Z;-14.581;-58.708
BR-13;AL553271Z;-14.587;-58.718
BR-13;AL550036Z;-14.587;-58.718
BR-14;AL550037Z;-14.59;-58.728
BR-15;AL548364Z;-14.58;-58.702
BR-15;AL550161Z;-14.596;-58.736
BR-16;AL550162Z;-14.599;-58.746
BR-17;AL550164Z;-14.612;-58.755
BR-18;AL550827Z;-14.62;-58.766
BR-19;AL550427Z;-14.6;-58.757
BR-20;AL550165Z;-14.604;-58.773
BR-21;AL554251Z;-14.58;-58.702
BR-21;AL550046Z;-14.606;-58.784
BR-22;AL550428Z;-14.606;-58.784
BR-22-1;AL553711Z;-14.606;-58.784
BR-22-2;AL553712Z;-14.606;-58.784
BS-01;AL552750Z;-16.847;-53.642
BS-01;AL550430Z;-16.836;-53.63
BS-02;AL552751Z;-16.847;-53.642
BS-02;AL550431Z;-16.837;-53.638
BS-03;AL553878Z;-16.847;-53.642
BS-03;AL551118Z;-16.839;-53.649
BS-04;AL551037Z;-16.837;-53.655
BS-05;AL553879Z;-16.847;-53.642
BS-05;AL550432Z;-16.82;-53.639
BS-06;AL553880Z;-16.847;-53.642
BS-06;AL550433Z;-16.824;-53.647
BS-07;AL553881Z;-16.847;-53.642
BS-07;AL550434Z;-16.804;-53.638
BS-08;AL553882Z;-16.847;-53.642
BS-08;AL550435Z;-16.809;-53.652
BS-09;AL553895Z;-16.804;-53.655
BS-09;AL550436Z;-16.794;-53.645
BS-10;AL553896Z;-16.804;-53.655
BS-10;AL550437Z;-16.796;-53.655
BS-11;AL553897Z;-16.804;-53.655
BS-11;AL550438Z;-16.779;-53.646
BS-12;AL553898Z;-16.804;-53.655
BS-12;AL550439Z;-16.819;-53.66
BS-13;AL552752Z;-16.847;-53.642
BS-13;AL550440Z;-16.834;-53.666
BS-14;AL552753Z;-16.847;-53.642
BS-14;AL551119Z;-16.825;-53.678
BT-01;AL552886Z;-10.47;-45.496
CA-01;AL553968Z;-16.756;-53.746
CA-01-1;AL550443Z;-16.847;-53.975
CA-01-2;AL553542Z;-16.847;-53.973
CA-02;AL553969Z;-16.756;-53.746
CA-02;AL552040Z;-16.849;-53.97
CA-02;AL550444Z;-16.849;-53.97
CA-03;AL553970Z;-16.863;-53.983
CA-03;AL550445Z;-16.851;-53.984
CA-04;AL553971Z;-16.863;-53.983
CA-04;AL550446Z;-16.857;-53.976
CA-05;AL553910Z;-16.863;-53.983
CA-05;AL550447Z;-16.858;-53.989
CA-06;AL553911Z;-16.863;-53.983
CA-06;AL551820Z;-16.862;-53.983
CA-07;AL553912Z;-16.863;-53.983
CA-07;AL550449Z;-16.867;-54.006
CB-01;AL554094Z;-12.911;-56.369
CB-01;AL550168Z;-12.867;-56.336
CB-02;AL554095Z;-12.911;-56.369
CB-02;AL550169Z;-12.863;-56.343
CB-03;AL554096Z;-12.911;-56.369
CB-03;AL550170Z;-12.854;-56.344
CD-01;AL554002Z;-12.979;-56.192
CD-01;AL550171Z;-12.982;-56.186
CD-02;AL554003Z;-12.979;-56.192
CD-02;AL550172Z;-12.982;-56.175
CD-03;AL554004Z;-12.979;-56.192
CD-03;AL550038Z;-12.982;-56.163
CD-04;AL554005Z;-12.979;-56.192
CD-04;AL550039Z;-12.98;-56.15
CD-05;AL554006Z;-12.979;-56.192
CD-05;AL550040Z;-12.971;-56.14
CD-06;AL554007Z;-12.979;-56.192
CD-06;AL550041Z;-12.978;-56.135
CD-07;AL554008Z;-12.979;-56.192
CD-07;AL550174Z;-12.959;-56.134
CD-08;AL554009Z;-12.979;-56.192
CD-08;AL550042Z;-12.957;-56.146
CD-09;AL554010Z;-12.979;-56.192
CD-09;AL550043Z;-12.959;-56.157
CD-10;AL554011Z;-12.979;-56.192
CD-10;AL550175Z;-12.964;-56.167
CD-11;AL554012Z;-12.979;-56.192
CD-11;AL550176Z;-12.965;-56.18
CD-12;AL554013Z;-12.979;-56.192
CD-12;AL550177Z;-12.969;-56.188
CD-13;AL554014Z;-12.979;-56.192
CD-13;AL550045Z;-12.97;-56.201
CD-14;AL554015Z;-12.979;-56.192
CD-14;AL550178Z;-12.981;-56.204
CD-15;AL554016Z;-12.979;-56.192
CD-15;AL550179Z;-12.992;-56.196
CL-01;AL554225Z;-10.488;-45.411
CL-01;AL551123Z;-10.489;-45.424
CN-01;AL554230Z;-10.449;-45.377
CN-01;AL551580Z;-10.446;-45.388
CN-02;AL554231Z;-10.452;-45.415
CN-02;AL552003Z;-10.447;-45.405
CN-02;AL551785Z;-10.447;-45.405
CP-01;AL553899Z;-16.798;-53.952
CP-01;AL550464Z;-16.826;-53.971
CP-02;AL553900Z;-16.798;-53.952
CP-02;AL550465Z;-16.822;-53.964
CP-03;AL553901Z;-16.798;-53.952
CP-03;AL550891Z;-16.812;-53.958
CP-04;AL553902Z;-16.798;-53.952
CP-04;AL550892Z;-16.804;-53.95
CP-05;AL553903Z;-16.798;-53.952
CP-05;AL550893Z;-16.797;-53.944
CP-06;AL553904Z;-16.798;-53.952
CP-06;AL550931Z;-16.797;-53.932
CP-07;AL553905Z;-16.798;-53.952
CP-07;AL550932Z;-16.788;-53.927
CP-08;AL553906Z;-16.798;-53.952
CP-08;AL550468Z;-16.789;-53.917
CP-09;AL553907Z;-16.798;-53.952
CP-09;AL550469Z;-16.785;-53.919
CP-10;AL553908Z;-16.798;-53.952
CP-10;AL550924Z;-16.787;-53.947
CP-11;AL553909Z;-16.798;-53.952
CP-11;AL550925Z;-16.779;-53.934
CR-01;AL552293Z;-16.838;-54.001
CR-02;AL552294Z;-16.834;-54.005
CR-03;AL550192Z;-16.838;-54.012
CR-04;AL550048Z;-16.846;-54.019
CR-05;AL550049Z;-16.852;-54.025
CS-01;AL551127Z;-16.938;-53.649
CS-02;AL551128Z;-16.946;-53.655
CS-02;AL552006Z;-16.942;-53.657
CS-03;AL551353Z;-16.948;-53.665
CS-04;AL551130Z;-16.946;-53.681
CS-04;AL553640Z;-16.951;-53.673
CS-05;AL551131Z;-16.941;-53.684
CS-06;AL551132Z;-16.937;-53.676
CS-07;AL553411Z;-16.928;-53.669
CS-07;AL551133Z;-16.932;-53.669
CU-01;AL553819Z;-13.224;-56.718
CU-01;AL550480Z;-13.239;-56.724
CU-02;AL553820Z;-13.224;-56.718
CU-02;AL550481Z;-13.234;-56.715
CU-03;AL553821Z;-13.224;-56.718
CU-03;AL550482Z;-13.228;-56.71
CU-04;AL553822Z;-13.224;-56.718
CU-04;AL550483Z;-13.222;-56.704
CU-05;AL550484Z;-13.216;-56.719
CU-06;AL550485Z;-13.208;-56.714
CU-07;AL550486Z;-13.198;-56.724
CU-08;AL550487Z;-13.201;-56.711
CU-09;AL550488Z;-13.19;-56.715
CU-10;AL550489Z;-13.176;-56.719
CU-11;AL550490Z;-13.175;-56.728
CU-12;AL550491Z;-13.192;-56.732
CU-13;AL550492Z;-13.199;-56.743
CU-14;AL550493Z;-13.175;-56.743
CU-15;AL550836Z;-13.167;-56.741
CU-16;AL553823Z;-13.224;-56.718
CU-16;AL550495Z;-13.158;-56.734
CX-01;AL552004Z;-10.555;-45.673
DV-02;AL554098Z;-12.921;-56.323
DV-02;AL550050Z;-12.916;-56.349
DV-03;AL554099Z;-12.921;-56.323
DV-03;AL550051Z;-12.924;-56.345
DV-04;AL554100Z;-12.921;-56.323
DV-04;AL550052Z;-12.907;-56.346
DV-05;AL554101Z;-12.921;-56.323
DV-05;AL550053Z;-12.916;-56.341
DV-06;AL554102Z;-12.921;-56.323
DV-06;AL550054Z;-12.897;-56.324
DV-07;AL554103Z;-12.921;-56.323
DV-07;AL550055Z;-12.905;-56.318
EL-01;AL553532Z;-16.869;-53.973
EL-01;AL550496Z;-16.872;-53.976
EL-02;AL550056Z;-16.874;-53.986
EL-03;AL550057Z;-16.88;-53.994
EL-04;AL550058Z;-16.885;-54
EL-05;AL550059Z;-16.898;-54.002
EL-06;AL550060Z;-16.894;-53.996
EL-07;AL550061Z;-16.89;-53.988
EL-08;AL550497Z;-16.887;-53.981
EL-09;AL550498Z;-16.883;-53.974
EL-10;AL550499Z;-16.896;-53.978
EL-11;AL550062Z;-16.9;-53.983
EL-12;AL550063Z;-16.904;-53.99
EL-13;AL550064Z;-16.908;-53.998
EL-14;AL550065Z;-16.917;-53.993
EL-15;AL550066Z;-16.923;-53.983
EL-16;AL550067Z;-16.915;-53.984
EL-17;AL550068Z;-16.911;-53.977
EL-18;AL550500Z;-16.905;-53.969
EL-19;AL550501Z;-16.897;-53.97
ER-01;AL554252Z;-13.186;-53.983
ER-01;AL551551Z;-13.186;-53.983
ER-02;AL551552Z;-13.185;-53.971
ER-03;AL551553Z;-13.183;-53.959
ER-04;AL551554Z;-13.176;-53.969
ER-05;AL551555Z;-13.163;-53.963
ER-06;AL551556Z;-13.163;-53.953
ER-07;AL551557Z;-13.161;-53.942
ER-08;AL553738Z;-13.181;-53.947
FL-01;AL550502Z;-16.372;-55.21
FL-02;AL550899Z;-16.369;-55.21
FL-03;AL550900Z;-16.377;-55.227
FL-04-1;AL550901Z;-16.383;-55.235
FL-04-2;AL553678Z;-16.383;-55.235
FL-05;AL550902Z;-16.392;-55.242
GZ-01;AL553913Z;-16.702;-53.739
GZ-01;AL550503Z;-16.686;-53.733
GZ-02;AL553914Z;-16.702;-53.739
GZ-02;AL550504Z;-16.694;-53.737
GZ-03;AL553915Z;-16.702;-53.739
GZ-03;AL552043Z;-16.696;-53.748
GZ-03;AL551043Z;-16.698;-53.744
GZ-04;AL553916Z;-16.702;-53.739
GZ-04;AL553701Z;-16.703;-53.745
GZ-04;AL552044Z;-16.7;-53.757
GZ-05;AL553917Z;-16.702;-53.739
GZ-05;AL550505Z;-16.709;-53.748
GZ-06;AL553918Z;-16.702;-53.739
GZ-06;AL550506Z;-16.717;-53.751
GZ-07;AL553919Z;-16.702;-53.739
GZ-07;AL551045Z;-16.71;-53.761
GZ-08;AL553920Z;-16.702;-53.739
GZ-08;AL551046Z;-16.717;-53.765
GZ-09;AL553921Z;-16.707;-53.771
GZ-09;AL551137Z;-16.711;-53.779
GZ-10;AL553922Z;-16.707;-53.771
GZ-10;AL551050Z;-16.706;-53.781
GZ-11;AL553923Z;-16.707;-53.771
GZ-11;AL551051Z;-16.695;-53.781
GZ-12;AL553924Z;-16.707;-53.771
GZ-12;AL552008Z;-16.697;-53.766
GZ-12;AL551138Z;-16.696;-53.776
GZ-13;AL551047Z;-16.681;-53.782
GZ-14;AL553925Z;-16.707;-53.771
GZ-14;AL551048Z;-16.685;-53.788
GZ-14;AL551367Z;-16.692;-53.787
GZ-15;AL553926Z;-16.707;-53.771
GZ-15;AL551052Z;-16.702;-53.793
GZ-16;AL553927Z;-16.707;-53.771
GZ-16;AL552009Z;-16.696;-53.798
GZ-16;AL551053Z;-16.697;-53.795
GZ-17;AL553928Z;-16.707;-53.771
GZ-17;AL551049Z;-16.686;-53.794
GZ-18;AL553929Z;-16.689;-53.806
GZ-18;AL551056Z;-16.684;-53.803
GZ-19;AL553930Z;-16.707;-53.771
GZ-19;AL551057Z;-16.695;-53.803
GZ-20;AL551139Z;-16.709;-53.819
GZ-21;AL553727Z;-16.666;-53.805
GZ-21;AL551140Z;-16.671;-53.812
GZ-22;AL551365Z;-16.66;-53.804
GZ-23;AL551042Z;-16.651;-53.815
GZ-24;AL551141Z;-16.662;-53.821
GZ-25;AL551054Z;-16.65;-53.834
GZ-26;AL551142Z;-16.673;-53.818
GZ-27;AL551143Z;-16.669;-53.827
GZ-28;AL551144Z;-16.683;-53.823
GZ-29;AL551055Z;-16.689;-53.826
GZ-30;AL551145Z;-16.685;-53.839
H-201;AL550928Z;-13.734;-55.495
H-202;AL552027Z;-13.748;-55.504
H-203;AL550020Z;-13.738;-55.51
H-204;AL553615Z;-13.749;-55.507
H-204;AL550021Z;-13.744;-55.515
H-205;AL550022Z;-13.75;-55.502
H-206;AL551034Z;-13.766;-55.516
IP-01;AL551146Z;-10.556;-45.375
IP-01;AL548134Z;-10.566;-45.366
IP-02;AL551147Z;-10.562;-45.358
IP-02;AL549514Z;-10.567;-45.358
IP-03;AL551148Z;-10.559;-45.349
IP-03;AL549515Z;-10.559;-45.349
IP-04;AL551149Z;-10.574;-45.347
IP-04;AL549516Z;-10.576;-45.346
IP-05;AL551150Z;-10.585;-45.343
IP-05;AL549517Z;-10.585;-45.343
JA-301;AL553774Z;-13.677;-55.486
JA-301;AL550507Z;-13.703;-55.471
JA-302;AL553775Z;-13.677;-55.486
JA-302;AL550508Z;-13.713;-55.477
JA-303;AL553776Z;-13.677;-55.486
JA-303;AL550509Z;-13.699;-55.476
JA-304;AL553777Z;-13.677;-55.486
JA-304;AL550510Z;-13.688;-55.472
JA-305;AL553778Z;-13.677;-55.486
JA-305;AL550511Z;-13.691;-55.479
JA-306;AL550512Z;-13.677;-55.472
JA-307;AL551776Z;-13.677;-55.486
JA-307;AL550513Z;-13.68;-55.478
JA-308;AL553779Z;-13.677;-55.486
JA-308;AL550514Z;-13.669;-55.473
JA-309;AL553780Z;-13.677;-55.486
JA-309;AL550515Z;-13.671;-55.479
JA-310;AL553781Z;-13.677;-55.486
JA-310;AL550516Z;-13.657;-55.475
JA-311;AL550517Z;-13.657;-55.481
JA-312;AL550518Z;-13.647;-55.476
JA-313;AL553782Z;-13.677;-55.486
JA-313;AL550519Z;-13.646;-55.482
JA-314;AL550520Z;-13.635;-55.477
JA-315;AL553783Z;-13.677;-55.486
JA-315;AL550521Z;-13.634;-55.485
JA-316;AL550522Z;-13.626;-55.478
JA-317;AL553784Z;-13.677;-55.486
JA-317;AL549932Z;-13.623;-55.498
JA-317;AL552022Z;-13.622;-55.49
JA-318;AL550524Z;-13.614;-55.499
JA-319;AL553785Z;-13.615;-55.468
JA-319;AL550814Z;-13.615;-55.468
JA-320;AL553786Z;-13.598;-55.515
JA-320;AL551020Z;-13.598;-55.515
JII-01;AL550069Z;-16.743;-53.996
JII-02;AL550070Z;-16.75;-53.991
JII-03;AL550071Z;-16.746;-53.987
JII-04;AL550072Z;-16.756;-53.984
JII-05;AL550073Z;-16.752;-53.979
JII-06;AL550074Z;-16.762;-53.977
JII-07;AL550075Z;-16.762;-53.964
KR-04;AL551827Z;-12.776;-56.393
KR-05;AL551008Z;-12.76;-56.388
LD-01;AL551152Z;-16.956;-53.617
LD-02;AL551153Z;-16.949;-53.62
LD-03;AL551154Z;-16.943;-53.61
LD-04;AL551155Z;-16.941;-53.62
LD-05;AL551156Z;-16.943;-53.634
LD-06;AL551157Z;-16.937;-53.628
LU-01;AL550995Z;-13.733;-52.567
LU-02;AL550996Z;-13.745;-52.554
LU-03;AL552011Z;-13.763;-52.547
LU-04;AL550998Z;-13.772;-52.563
LU-05;AL553609Z;-13.756;-52.585
LU-06;AL553522Z;-13.765;-52.578
LU-07;AL551001Z;-13.799;-52.56
LU-07;AL549985Z;-13.803;-52.582
LU-08;AL551002Z;-13.811;-52.557
LU-09;AL551003Z;-13.813;-52.588
MA-01;AL552126Z;-13.84;-57.44
MA-01;AL552046Z;-13.839;-57.491
MA-01;AL550079Z;-13.836;-57.485
MA-02;AL552047Z;-13.855;-57.496
MA-02;AL550080Z;-13.852;-57.491
MA-03;AL553624Z;-13.869;-57.502
MA-03;AL550221Z;-13.866;-57.496
MA-04;AL552129Z;-13.84;-57.44
MA-04;AL550081Z;-13.831;-57.475
MA-05;AL550082Z;-13.848;-57.481
MA-06;AL550083Z;-13.864;-57.487
MA-07;AL552132Z;-13.84;-57.44
MA-07;AL550084Z;-13.827;-57.464
MA-08;AL550085Z;-13.843;-57.47
MA-09;AL550086Z;-13.86;-57.477
MA-10;AL552135Z;-13.84;-57.44
MA-10;AL550087Z;-13.822;-57.454
MA-11;AL550088Z;-13.839;-57.46
MA-12;AL550231Z;-13.856;-57.466
MA-13;AL552138Z;-13.84;-57.44
MA-13;AL550089Z;-13.819;-57.444
MA-14;AL552139Z;-13.84;-57.44
MA-14;AL552048Z;-13.836;-57.44
MA-14;AL550090Z;-13.834;-57.447
MA-15;AL552140Z;-13.84;-57.44
MA-15;AL552049Z;-13.846;-57.446
MA-15;AL550091Z;-13.849;-57.453
MB-01;AL550525Z;-16.373;-55.198
MB-02;AL550526Z;-16.365;-55.203
MB-03;AL551159Z;-16.357;-55.207
MI-01;AL554157Z;-16.362;-55.075
MI-01;AL551160Z;-16.359;-55.032
MI-01;AL550527Z;-16.358;-55.021
MI-02;AL554158Z;-16.362;-55.075
MI-02;AL552900Z;-16.357;-55.036
MI-02;AL550528Z;-16.359;-55.05
MI-03;AL554159Z;-16.362;-55.075
MI-03;AL550092Z;-16.364;-55.063
MI-04;AL554160Z;-16.362;-55.075
MI-04;AL550848Z;-16.369;-55.076
MI-05;AL554161Z;-16.362;-55.075
MI-05;AL551162Z;-16.37;-55.059
MI-06;AL554162Z;-16.362;-55.075
MI-06;AL551163Z;-16.378;-55.075
MI-07;AL553723Z;-16.377;-55.092
MI-07;AL551164Z;-16.374;-55.087
MI-08;AL551165Z;-16.38;-55.099
MI-09;AL551166Z;-16.388;-55.095
MI-10;AL551167Z;-16.393;-55.101
MI-11;AL551847Z;-16.382;-55.112
MI-13;AL551169Z;-16.391;-55.122
MI-15;AL551170Z;-16.396;-55.133
MI-18;AL550849Z;-16.399;-55.146
MI-19;AL551171Z;-16.409;-55.144
MI-20;AL550850Z;-16.403;-55.155
MI-21;AL551172Z;-16.412;-55.152
MI-22;AL551290Z;-16.428;-55.154
MI-23;AL551291Z;-16.427;-55.163
MI-24;AL551292Z;-16.428;-55.171
MI-25;AL551387Z;-16.394;-55.157
MI-27;AL550529Z;-16.375;-55.114
MI-28;AL550530Z;-16.366;-55.116
MI-29;AL553689Z;-16.357;-55.12
MI-29;AL551315Z;-16.359;-55.127
MI-31;AL550853Z;-16.37;-55.103
MI-32;AL550854Z;-16.362;-55.107
MI-33;AL553690Z;-16.354;-55.112
MI-33;AL551316Z;-16.352;-55.107
MI-36;AL551177Z;-16.362;-55.075
MI-36;AL550817Z;-16.365;-55.092
MI-37;AL549927Z;-16.362;-55.075
MI-37;AL550818Z;-16.354;-55.095
MI-38;AL553691Z;-16.348;-55.099
MI-38;AL551317Z;-16.35;-55.103
MI-40;AL554163Z;-16.362;-55.075
MI-40;AL550855Z;-16.361;-55.084
MI-41;AL554164Z;-16.362;-55.075
MI-41;AL550856Z;-16.353;-55.089
MI-41;AL551179Z;-16.35;-55.088
MI-42;AL553692Z;-16.345;-55.091
MI-44;AL550829Z;-16.362;-55.075
MI-44;AL550846Z;-16.354;-55.078
MI-45;AL554165Z;-16.362;-55.075
MI-45;AL550095Z;-16.356;-55.069
MI-46;AL554166Z;-16.362;-55.075
MI-46;AL550096Z;-16.347;-55.071
MI-47;AL554167Z;-16.362;-55.075
MI-47;AL550872Z;-16.352;-55.055
MI-48;AL554168Z;-16.362;-55.075
MI-48;AL550857Z;-16.35;-55.041
MI-49;AL554169Z;-16.362;-55.075
MI-49;AL553680Z;-16.344;-55.032
MI-49;AL550858Z;-16.35;-55.031
MI-50;AL554170Z;-16.35;-55.022
MI-50;AL550100Z;-16.35;-55.022
MI-50;AL550859Z;-16.349;-55.023
MI-51;AL551388Z;-16.362;-55.075
MI-51;AL551880Z;-16.353;-55.018
MN-01;AL553747Z;-13.849;-54.757
MN-01;AL551021Z;-13.844;-54.773
MN-02;AL553748Z;-13.849;-54.757
MN-02;AL550535Z;-13.852;-54.763
MN-03;AL550536Z;-13.858;-54.772
MN-04;AL551885Z;-13.85;-54.782
MN-05;AL550246Z;-13.856;-54.783
MN-06;AL550933Z;-13.864;-54.79
MN-07;AL550934Z;-13.883;-54.786
MN-08;AL553749Z;-13.849;-54.757
MN-08;AL550247Z;-13.877;-54.775
MN-09;AL553750Z;-13.849;-54.757
MN-09;AL550935Z;-13.867;-54.773
MN-10;AL553751Z;-13.849;-54.757
MN-10;AL550936Z;-13.866;-54.761
MN-11;AL553752Z;-13.849;-54.757
MN-11;AL550937Z;-13.861;-54.75
MN-12;AL552777Z;-13.857;-54.792
MN-12;AL550938Z;-13.872;-54.735
MO-01;AL550538Z;-16.398;-55.197
MO-02;AL550539Z;-16.4;-55.205
MO-03-1;AL550540Z;-16.402;-55.212
MO-03-2;AL553571Z;-16.402;-55.212
MO-04;AL551319Z;-16.413;-55.211
MO-05;AL551320Z;-16.417;-55.215
MP-01;AL553839Z;-13.45;-56.576
MP-01;AL550887Z;-13.443;-56.578
MP-02;AL553840Z;-13.454;-56.571
MP-02;AL550888Z;-13.454;-56.571
MP-03;AL553841Z;-13.45;-56.576
MP-03;AL550543Z;-13.449;-56.585
MP-04;AL553842Z;-13.45;-56.576
MP-04;AL550544Z;-13.454;-56.576
MP-05;AL553843Z;-13.45;-56.576
MP-05;AL551271Z;-13.459;-56.577
MP-06;AL553844Z;-13.45;-56.576
MP-06;AL550546Z;-13.461;-56.585
MP-07;AL553845Z;-13.45;-56.576
MP-07;AL550547Z;-13.456;-56.597
MP-08;AL553846Z;-13.45;-56.576
MP-08;AL551273Z;-13.468;-56.596
MP-09;AL552868Z;-13.454;-56.566
MP-09;AL551274Z;-13.476;-56.602
MP-10;AL552869Z;-13.454;-56.566
MP-10;AL552018Z;-13.468;-56.581
MP-11;AL552870Z;-13.454;-56.566
MP-11;AL552019Z;-13.481;-56.581
MP-12;AL552871Z;-13.454;-56.566
MP-12;AL552020Z;-13.477;-56.671
MP-13;AL553847Z;-13.45;-56.576
MP-13;AL552021Z;-13.468;-56.681
MS-01;AL550548Z;-16.378;-55.217
MS-02;AL550549Z;-16.38;-55.21
MS-03;AL550550Z;-16.389;-55.202
MS-03-1;AL551183Z;-16.389;-55.212
MS-03-2;AL553740Z;-16.389;-55.212
MS-04;AL550903Z;-16.389;-55.224
MS-05;AL550551Z;-16.399;-55.218
NS-01;AL554104Z;-11.927;-56.157
NS-01;AL550248Z;-11.987;-56.214
NS-02;AL554105Z;-11.927;-56.157
NS-02;AL550874Z;-11.92;-56.153
NS-02;AL550101Z;-11.927;-56.158
NS-03;AL554106Z;-11.927;-56.157
NS-03;AL550102Z;-11.913;-56.154
NS-04;AL554107Z;-11.927;-56.157
NS-04;AL550103Z;-11.912;-56.143
NS-05;AL554108Z;-11.927;-56.157
NS-05;AL550104Z;-11.919;-56.143
NS-06;AL554109Z;-11.927;-56.157
NS-06;AL550255Z;-11.911;-56.124
NS-07;AL554110Z;-11.927;-56.157
NS-07;AL550257Z;-11.91;-56.114
NS-08;AL554111Z;-11.927;-56.157
NS-08;AL550105Z;-11.902;-56.103
NS-09;AL554112Z;-11.927;-56.157
NS-09;AL550106Z;-11.903;-56.093
NS-10;AL554113Z;-11.927;-56.157
NS-10;AL550107Z;-11.9;-56.086
NS-11;AL554114Z;-11.927;-56.157
NS-11;AL550265Z;-11.882;-56.105
NS-12;AL554115Z;-11.927;-56.157
NS-12;AL550267Z;-11.881;-56.097
NS-13;AL554116Z;-11.927;-56.157
NS-13;AL550269Z;-11.881;-56.085
NS-14;AL554117Z;-11.927;-56.157
NS-14;AL550273Z;-11.873;-56.102
NS-15;AL554118Z;-11.927;-56.157
NS-15;AL550275Z;-11.863;-56.084
NS-16;AL554119Z;-11.856;-56.09
NS-16;AL550277Z;-11.856;-56.09
NS-17;AL554120Z;-11.927;-56.157
NS-17;AL550867Z;-11.867;-56.125
NS-18;AL554121Z;-11.927;-56.157
NS-18;AL550868Z;-11.866;-56.133
NS-19;AL554122Z;-11.927;-56.157
NS-19;AL550284Z;-11.88;-56.138
NS-20;AL554123Z;-11.927;-56.157
NS-20;AL550286Z;-11.883;-56.154
NS-21;AL554124Z;-11.927;-56.157
NS-21;AL550883Z;-11.872;-56.156
NV-01;AL553080Z;-14.882;-52.29
NV-01;AL553595Z;-14.89;-52.285
NV-02;AL553081Z;-14.882;-52.29
NV-02;AL553596Z;-14.886;-52.28
NV-03;AL553082Z;-14.882;-52.29
NV-03;AL553597Z;-14.879;-52.267
NV-04;AL553598Z;-14.883;-52.261
NV-05;AL553561Z;-14.871;-52.246
NV-05-2;AL553320Z;-14.875;-52.255
NV-06;AL553562Z;-14.882;-52.243
NV-07;AL553563Z;-14.864;-52.232
NV-08;AL553564Z;-14.875;-52.229
NV-09;AL553599Z;-14.852;-52.223
NV-10;AL553600Z;-14.857;-52.234
NV-11;AL553601Z;-14.859;-52.249
NV-12;AL553602Z;-14.849;-52.237
NV-13;AL553603Z;-14.837;-52.245
NV-14;AL553604Z;-14.834;-52.234
NV-15;AL553523Z;-14.866;-52.217
NV-16;AL553605Z;-14.838;-52.221
NV-17;AL553524Z;-14.848;-52.214
NV-18;AL553525Z;-14.845;-52.206
NV-19;AL553526Z;-14.841;-52.198
NV-20;AL553565Z;-14.84;-52.189
NV-21;AL553566Z;-14.832;-52.191
NV-22;AL553567Z;-14.829;-52.184
NV-23;AL553606Z;-14.848;-52.174
NV-24;AL553607Z;-14.856;-52.176
NV-25;AL553568Z;-14.861;-52.19
NV-26;AL553527Z;-14.863;-52.198
NV-27;AL553528Z;-14.868;-52.208
NV-28;AL553529Z;-14.86;-52.214
NV-29;AL553773Z;-14.856;-52.204
NV-29;AL553530Z;-14.856;-52.204
NV-30;AL553569Z;-14.852;-52.195
NV-31-1;AL553570Z;-14.848;-52.188
NV-31-2;AL553735Z;-14.848;-52.188
NV-32;AL553573Z;-14.821;-52.206
NV-33;AL553574Z;-14.821;-52.221
NV-34;AL553575Z;-14.815;-52.219
NV-35;AL553576Z;-14.819;-52.236
NV-36;AL553577Z;-14.812;-52.242
NV-37;AL553578Z;-14.802;-52.222
NV-38;AL553579Z;-14.805;-52.237
NV-39;AL553580Z;-14.806;-52.21
NV-40;AL553581Z;-14.809;-52.193
NV-41;AL553582Z;-14.793;-52.2
NV-42;AL553583Z;-14.785;-52.197
NV-43;AL553584Z;-14.776;-52.203
NV-44;AL553585Z;-14.785;-52.224
NV-45;AL553586Z;-14.791;-52.232
NV-46;AL553587Z;-14.794;-52.241
NV-47;AL554286Z;-14.875;-52.279
NV-47;AL552728Z;-14.765;-52.205
NV-48;AL554287Z;-14.875;-52.279
NV-48;AL552729Z;-14.755;-52.21
NV-49;AL554288Z;-14.875;-52.279
NV-49;AL552730Z;-14.745;-52.215
NV-50;AL553588Z;-14.821;-52.267
NV-51;AL553589Z;-14.811;-52.253
NV-52;AL553590Z;-14.805;-52.26
NV-53;AL553592Z;-14.808;-52.272
NV-54;AL554289Z;-14.875;-52.279
NV-54;AL552732Z;-14.793;-52.257
NV-55;AL553079Z;-14.788;-52.254
NV-55;AL553593Z;-14.788;-52.255
OR-01-1;AL550552Z;-16.238;-55.096
OR-01-2;AL553572Z;-16.238;-55.096
OR-01-3;AL553622Z;-16.238;-55.096
OR-02;AL551869Z;-16.228;-55.084
OR-02-1;AL550553Z;-16.227;-55.088
OR-02-2;AL553623Z;-16.227;-55.088
OR-03;AL550554Z;-16.224;-55.096
OR-04;AL554195Z;-16.234;-55.12
OR-04;AL553663Z;-16.208;-55.11
OR-04;AL551187Z;-16.208;-55.099
OR-05;AL554196Z;-16.386;-55.162
OR-05;AL551188Z;-16.215;-55.09
OR-06;AL554197Z;-16.234;-55.12
OR-06;AL551189Z;-16.215;-55.084
OR-07;AL553665Z;-16.227;-55.08
OR-07;AL551870Z;-16.23;-55.075
OR-08;AL551871Z;-16.233;-55.057
OR-08;AL550556Z;-16.23;-55.065
OR-09;AL554198Z;-16.234;-55.12
OR-09;AL551190Z;-16.22;-55.071
OR-10;AL554199Z;-16.234;-55.12
OR-10;AL551191Z;-16.223;-55.059
OR-11;AL554200Z;-16.234;-55.12
OR-11;AL551192Z;-16.212;-55.063
OR-12;AL550905Z;-16.235;-55.048
OR-13;AL554201Z;-16.234;-55.12
OR-13;AL552897Z;-16.227;-55.031
OR-13;AL551193Z;-16.227;-55.031
OR-14;AL554202Z;-16.234;-55.12
OR-14;AL551194Z;-16.227;-55.04
OR-15;AL554203Z;-16.234;-55.12
OR-15;AL551195Z;-16.225;-55.048
OR-16;AL554204Z;-16.234;-55.12
OR-16;AL551196Z;-16.214;-55.04
OR-17;AL554205Z;-16.234;-55.12
OR-17;AL551197Z;-16.218;-55.033
OV-01;AL553936Z;-16.75;-53.899
OV-01;AL551059Z;-16.761;-53.888
OV-02;AL553937Z;-16.749;-53.899
OV-02;AL552045Z;-16.749;-53.899
OV-02;AL551060Z;-16.745;-53.898
OV-03;AL553938Z;-16.749;-53.899
OV-03;AL551061Z;-16.741;-53.902
OV-04;AL553939Z;-16.749;-53.899
OV-04;AL551062Z;-16.741;-53.893
OV-05;AL550290Z;-16.727;-53.89
OV-06;AL550292Z;-16.719;-53.884
OV-07;AL550295Z;-16.712;-53.881
OV-08;AL553940Z;-16.749;-53.899
OV-08;AL550297Z;-16.704;-53.887
OV-09;AL553941Z;-16.749;-53.899
OV-09;AL553548Z;-16.712;-53.889
OV-09;AL550298Z;-16.711;-53.898
OV-10;AL553942Z;-16.749;-53.899
OV-10;AL550299Z;-16.749;-53.962
PA-01;AL553943Z;-16.803;-53.907
PA-01;AL551198Z;-16.806;-53.908
PA-02;AL553944Z;-16.749;-53.899
PA-02;AL551199Z;-16.802;-53.897
PA-03;AL553945Z;-16.749;-53.899
PA-03;AL551200Z;-16.801;-53.906
PA-04;AL553974Z;-16.785;-53.89
PA-04;AL553946Z;-16.749;-53.899
PA-04;AL551201Z;-16.792;-53.891
PA-05;AL553709Z;-16.786;-53.906
PA-05;AL551202Z;-16.786;-53.905
PA-06;AL551203Z;-16.783;-53.897
PA-07;AL551204Z;-16.776;-53.891
PA-401;AL552805Z;-13.713;-55.628
PA-401;AL551026Z;-13.72;-55.614
PA-402;AL552806Z;-13.713;-55.628
PA-402;AL551831Z;-13.722;-55.629
PA-403;AL552807Z;-13.713;-55.628
PA-403;AL550558Z;-13.72;-55.64
PA-404;AL552808Z;-13.713;-55.628
PA-404;AL550559Z;-13.722;-55.648
PA-405;AL552809Z;-13.713;-55.628
PA-405;AL550560Z;-13.708;-55.639
PA-406;AL552810Z;-13.713;-55.628
PA-406;AL550561Z;-13.695;-55.619
PA-407;AL552811Z;-13.713;-55.628
PA-407;AL550562Z;-13.696;-55.632
PA-408;AL552812Z;-13.713;-55.628
PA-408;AL550563Z;-13.688;-55.619
PA-409;AL552813Z;-13.713;-55.628
PA-409;AL550564Z;-13.69;-55.634
PA-410;AL550565Z;-13.678;-55.627
PA-411;AL550566Z;-13.666;-55.625
PA-412;AL550567Z;-13.67;-55.636
PA-413;AL550568Z;-13.66;-55.639
PA-414;AL550569Z;-13.65;-55.626
PA-415;AL550570Z;-13.652;-55.636
PA-416;AL550571Z;-13.638;-55.625
PA-417;AL550572Z;-13.638;-55.635
PA-418;AL551027Z;-13.633;-55.639
PASTO - MI-15;AL552447Z;-16.394;-55.142
PASTO - MI-17;AL549545Z;-16.409;-55.126
PASTO - MI-27;AL552051Z;-16.376;-55.121
PASTO - MI-28;AL552052Z;-16.369;-55.125
PASTO - MI-29;AL552053Z;-16.361;-55.129
PASTO - MI-30;AL553625Z;-16.351;-55.124
PASTO - MI-34;AL553627Z;-16.345;-55.117
PASTO - MI-35;AL553628Z;-16.342;-55.111
PASTO - MI-39;AL553630Z;-16.338;-55.101
PASTO - MI-43;AL553632Z;-16.334;-55.094
PASTO - SL-13;AL553126Z;-16.439;-55.204
PASTO - SL-14;AL553127Z;-16.457;-55.2
PB-01;AL554290Z;-13.703;-52.725
PB-01;AL550950Z;-13.692;-52.771
PB-02;AL554291Z;-13.703;-52.725
PB-02;AL550955Z;-13.68;-52.762
PB-03;AL554292Z;-13.703;-52.725
PB-03;AL550956Z;-13.667;-52.758
PB-04;AL554293Z;-13.703;-52.725
PB-04;AL550957Z;-13.67;-52.752
PB-05;AL551356Z;-13.703;-52.725
PB-05;AL550958Z;-13.683;-52.754
PB-06;AL554294Z;-13.703;-52.725
PB-06;AL550959Z;-13.695;-52.755
PB-07;AL550960Z;-13.701;-52.729
PB-07;AL551915Z;-13.698;-52.737
PB-08;AL554295Z;-13.703;-52.725
PB-08;AL550961Z;-13.692;-52.736
PB-09;AL553732Z;-13.684;-52.742
PB-09;AL551832Z;-13.684;-52.742
PB-10;AL550963Z;-13.703;-52.725
PB-10;AL551833Z;-13.684;-52.728
PB-11;AL554296Z;-13.703;-52.725
PB-11;AL551834Z;-13.671;-52.737
PB-12;AL554297Z;-13.703;-52.725
PB-12;AL550965Z;-13.673;-52.726
PB-13;AL551835Z;-13.665;-52.739
PB-14;AL554298Z;-13.703;-52.725
PB-14;AL550930Z;-13.656;-52.748
PB-15;AL550967Z;-13.703;-52.725
PB-15;AL551836Z;-13.661;-52.731
PB-16;AL550968Z;-13.664;-52.712
PB-16;AL551837Z;-13.664;-52.712
PB-17;AL554299Z;-13.703;-52.725
PB-17;AL550969Z;-13.648;-52.712
PB-18;AL549988Z;-13.703;-52.725
PB-18;AL549861Z;-13.653;-52.7
PB-18-1;AL551357Z;-13.649;-52.695
PB-18-2;AL549987Z;-13.656;-52.704
PB-19;AL554300Z;-13.703;-52.725
PB-19;AL550573Z;-13.669;-52.708
PB-20;AL550970Z;-13.703;-52.725
PB-20;AL551838Z;-13.673;-52.714
PB-21;AL554301Z;-13.703;-52.725
PB-21;AL550574Z;-13.68;-52.709
PB-22;AL550971Z;-13.703;-52.725
PB-22;AL551839Z;-13.689;-52.713
PB-23;AL554302Z;-13.703;-52.725
PB-23;AL550575Z;-13.696;-52.703
PB-24;AL554303Z;-13.703;-52.725
PB-24;AL550972Z;-13.707;-52.713
PB-25;AL554304Z;-13.703;-52.725
PB-25;AL550576Z;-13.712;-52.707
PB-26;AL554305Z;-13.703;-52.725
PB-26;AL550973Z;-13.716;-52.716
PB-27;AL550577Z;-13.724;-52.711
PB-28;AL554306Z;-13.703;-52.725
PB-28;AL550974Z;-13.734;-52.723
PB-29;AL554307Z;-13.703;-52.725
PB-29;AL550578Z;-13.737;-52.713
PB-30;AL554308Z;-13.703;-52.725
PB-30;AL550975Z;-13.748;-52.722
PB-31;AL550579Z;-13.75;-52.715
PB-32;AL554309Z;-13.703;-52.725
PB-32;AL550580Z;-13.762;-52.727
PB-33;AL554310Z;-13.703;-52.725
PB-33;AL550581Z;-13.763;-52.721
PE-01;AL553216Z;-15.963;-55.301
PE-01;AL553464Z;-15.976;-55.311
PE-01;AL553213Z;-15.97;-55.311
PE-02;AL553217Z;-15.963;-55.301
PE-02;AL553465Z;-15.989;-55.312
PE-02;AL553214Z;-15.989;-55.314
PE-03;AL553218Z;-15.963;-55.301
PE-03;AL553466Z;-16.005;-55.318
PE-03;AL553215Z;-16.006;-55.322
PE-04;AL553219Z;-15.963;-55.301
PE-04;AL553467Z;-15.972;-55.3
PE-05;AL553220Z;-15.963;-55.301
PE-05;AL553468Z;-15.982;-55.302
PE-06;AL553221Z;-15.963;-55.301
PE-06-1;AL553469Z;-15.995;-55.305
PE-06-2;AL553679Z;-15.995;-55.305
PE-07;AL553222Z;-15.963;-55.301
PE-07;AL553470Z;-15.992;-55.296
PE-08;AL553223Z;-15.963;-55.301
PE-08;AL553471Z;-15.988;-55.288
PE-09;AL553224Z;-15.963;-55.301
PE-09;AL553472Z;-15.979;-55.286
PE-10;AL553225Z;-15.963;-55.301
PE-10;AL553473Z;-15.969;-55.289
PE-11;AL553226Z;-15.963;-55.301
PE-11-1;AL553714Z;-15.971;-55.279
PE-11-2;AL553474Z;-15.971;-55.279
PE-12;AL553227Z;-15.963;-55.301
PE-12;AL553652Z;-15.964;-55.278
PE-13;AL553228Z;-15.963;-55.301
PE-13;AL553475Z;-15.975;-55.272
PE-14;AL553229Z;-15.963;-55.301
PE-14;AL553653Z;-15.991;-55.281
PE-15;AL553230Z;-15.963;-55.301
PE-15-1;AL553715Z;-16.01;-55.288
PE-15-2;AL553476Z;-16.01;-55.288
PE-16;AL553231Z;-15.963;-55.301
PE-16;AL553654Z;-16.003;-55.284
PE-17;AL553232Z;-15.963;-55.301
PE-17;AL553716Z;-15.997;-55.273
PE-17;AL553477Z;-15.997;-55.273
PE-18;AL553233Z;-15.963;-55.301
PE-18;AL553717Z;-15.992;-55.267
PE-18;AL553478Z;-15.992;-55.267
PE-19;AL553234Z;-15.963;-55.301
PE-19;AL553479Z;-16.015;-55.287
PE-20;AL553235Z;-15.963;-55.301
PE-20;AL553480Z;-16.009;-55.27
PE-21;AL553236Z;-15.963;-55.301
PE-21-1;AL553481Z;-16.006;-55.258
PE-21-2;AL553707Z;-16.006;-55.258
PE-22;AL553237Z;-15.963;-55.301
PE-22;AL553482Z;-16.003;-55.252
PE-23;AL553238Z;-15.963;-55.301
PE-23;AL553655Z;-15.99;-55.242
PE-24;AL553239Z;-15.963;-55.301
PE-24;AL553656Z;-15.996;-55.229
PE-25;AL553485Z;-15.986;-55.235
PE-26;AL553486Z;-15.978;-55.24
PE-27;AL553487Z;-15.971;-55.25
PE-27;AL553366Z;-15.975;-55.256
PE-28;AL553488Z;-15.964;-55.252
PE-28;AL553367Z;-15.965;-55.257
PE-29;AL553489Z;-15.956;-55.255
PE-29;AL553368Z;-15.957;-55.26
PE-30;AL553490Z;-15.947;-55.248
PE-31;AL553491Z;-15.945;-55.26
PE-31;AL553370Z;-15.945;-55.261
PE-32;AL553492Z;-15.933;-55.264
PE-33;AL553493Z;-15.938;-55.255
PE-34;AL553494Z;-15.927;-55.258
PE-35;AL553657Z;-15.912;-55.26
PE-35;AL553495Z;-15.918;-55.263
PE-36;AL553251Z;-15.963;-55.301
PE-36;AL553658Z;-15.927;-55.248
PE-37;AL553252Z;-15.963;-55.301
PE-37;AL553659Z;-15.927;-55.241
PE-38;AL553253Z;-15.963;-55.301
PE-38;AL553660Z;-15.941;-55.231
PE-38;AL553728Z;-15.935;-55.239
PE-39;AL553719Z;-15.941;-55.239
PE-39;AL553496Z;-15.941;-55.239
PE-40;AL553664Z;-15.951;-55.23
PE-40;AL553497Z;-15.953;-55.235
PE-41;AL553729Z;-15.967;-55.239
PE-41;AL553498Z;-15.957;-55.242
PE-42;AL553257Z;-15.963;-55.301
PE-42;AL553661Z;-15.961;-55.231
PE-43;AL553258Z;-15.963;-55.301
PE-43;AL553662Z;-15.946;-55.225
PE-44;AL553199Z;-15.944;-55.184
PF-01;AL551205Z;-10.619;-45.492
PF-01;AL549214Z;-10.619;-45.492
PF-02;AL551206Z;-10.629;-45.501
PF-02;AL549216Z;-10.629;-45.501
PF-03;AL551207Z;-10.633;-45.512
PF-03;AL549212Z;-10.633;-45.512
PF-04;AL551208Z;-10.644;-45.521
PF-04;AL549217Z;-10.644;-45.521
PF-05;AL551209Z;-10.607;-45.506
PF-05;AL549215Z;-10.607;-45.506
PF-06;AL551210Z;-10.618;-45.512
PF-06;AL549213Z;-10.618;-45.512
PF-07;AL551211Z;-10.63;-45.518
PF-07;AL549218Z;-10.63;-45.518
PF-08;AL551212Z;-10.624;-45.48
PF-08;AL549518Z;-10.624;-45.48
PI-01;AL554017Z;-12.221;-55.852
PI-01;AL550307Z;-12.221;-55.845
PI-02;AL554018Z;-12.221;-55.852
PI-02;AL550308Z;-12.212;-55.851
PI-03;AL554019Z;-12.221;-55.852
PI-03;AL550582Z;-12.217;-55.834
PI-04;AL554020Z;-12.221;-55.852
PI-04;AL550583Z;-12.212;-55.837
PI-05;AL554021Z;-12.221;-55.852
PI-05;AL550584Z;-12.201;-55.837
PI-06;AL554022Z;-12.221;-55.852
PI-06;AL550315Z;-12.219;-55.823
PI-07;AL554023Z;-12.221;-55.852
PI-07;AL550317Z;-12.212;-55.825
PI-08;AL549597Z;-12.221;-55.852
PI-08;AL550320Z;-12.2;-55.829
PI-09;AL554024Z;-12.221;-55.852
PI-09;AL550324Z;-12.191;-55.827
PI-10;AL554025Z;-12.221;-55.852
PI-10;AL550325Z;-12.22;-55.813
PI-11;AL554026Z;-12.221;-55.852
PI-11;AL550328Z;-12.211;-55.811
PI-12;AL554027Z;-12.221;-55.852
PI-12;AL550331Z;-12.2;-55.812
PI-13;AL554028Z;-12.221;-55.852
PI-13;AL550333Z;-12.191;-55.816
PI-14;AL554029Z;-12.221;-55.852
PI-14;AL550334Z;-12.22;-55.798
PI-15;AL554030Z;-12.221;-55.852
PI-15;AL550336Z;-12.211;-55.799
PI-16;AL554031Z;-12.221;-55.852
PI-16;AL550338Z;-12.207;-55.789
PI-17;AL554032Z;-12.221;-55.852
PI-17;AL550340Z;-12.197;-55.789
PI-18;AL554033Z;-12.221;-55.852
PI-18;AL550352Z;-12.187;-55.785
PI-19;AL554034Z;-12.221;-55.852
PI-19;AL550355Z;-12.18;-55.79
PI-20;AL554035Z;-12.221;-55.852
PI-20;AL550357Z;-12.194;-55.8
PI-21;AL554036Z;-12.221;-55.852
PI-21;AL550358Z;-12.191;-55.806
PI-22;AL554037Z;-12.221;-55.852
PI-22;AL550360Z;-12.181;-55.808
PI-23;AL554038Z;-12.221;-55.852
PI-23;AL550362Z;-12.183;-55.829
PI-24;AL554039Z;-12.221;-55.852
PI-24;AL550364Z;-12.184;-55.843
PI-25;AL554040Z;-12.221;-55.852
PI-25;AL550585Z;-12.19;-55.833
PI-26;AL549598Z;-12.221;-55.852
PI-26;AL551840Z;-12.198;-55.846
PI-26;AL550365Z;-12.192;-55.843
PI-27;AL554041Z;-12.221;-55.852
PI-27;AL550587Z;-12.195;-55.854
PI-28;AL554042Z;-12.221;-55.852
PI-28;AL550843Z;-12.187;-55.852
PI-29;AL554043Z;-12.221;-55.852
PI-29;AL550588Z;-12.174;-55.853
PI-30;AL554044Z;-12.221;-55.852
PI-30;AL550589Z;-12.166;-55.848
PI-31;AL554045Z;-12.221;-55.852
PI-31;AL550368Z;-12.168;-55.858
PI-32;AL554046Z;-12.221;-55.852
PI-32;AL550370Z;-12.167;-55.873
PI-33;AL554047Z;-12.221;-55.852
PI-33;AL550590Z;-12.178;-55.876
PI-34;AL554048Z;-12.221;-55.852
PI-34;AL550591Z;-12.176;-55.863
PI-35;AL554049Z;-12.221;-55.852
PI-35;AL551841Z;-12.196;-55.877
PI-35;AL550372Z;-12.204;-55.862
PI-36;AL549600Z;-12.221;-55.852
PI-36;AL550592Z;-12.213;-55.863
PI-36;AL551842Z;-12.204;-55.88
PI-37;AL554050Z;-12.221;-55.852
PI-37;AL550376Z;-12.216;-55.876
PI-38;AL554051Z;-12.221;-55.852
PI-38;AL550593Z;-12.222;-55.871
PI-39;AL554052Z;-12.221;-55.852
PI-39;AL550594Z;-12.212;-55.892
PI-40;AL554053Z;-12.221;-55.852
PI-40;AL550595Z;-12.223;-55.893
PI-41;AL554054Z;-12.221;-55.852
PI-41;AL550596Z;-12.213;-55.896
PI-42;AL554055Z;-12.221;-55.852
PI-42;AL550597Z;-12.226;-55.905
PJ-01;AL551213Z;-16.935;-53.644
PL-01;AL553753Z;-13.849;-54.757
PL-01;AL551864Z;-13.811;-54.78
PL-02;AL551368Z;-13.795;-54.761
PL-03;AL551022Z;-13.795;-54.752
PL-04;AL553754Z;-13.849;-54.757
PL-04;AL551961Z;-13.817;-54.772
PL-05;AL553755Z;-13.849;-54.757
PL-05;AL550599Z;-13.806;-54.758
PL-06;AL553756Z;-13.849;-54.757
PL-06;AL550387Z;-13.829;-54.747
PL-07;AL550386Z;-13.819;-54.704
PL-08;AL550601Z;-13.837;-54.699
PL-09;AL553757Z;-13.849;-54.757
PL-09;AL550384Z;-13.846;-54.689
PL-10;AL550602Z;-13.851;-54.696
PL-11;AL551962Z;-13.859;-54.705
PL-11;AL551023Z;-13.856;-54.705
PL-12;AL550603Z;-13.862;-54.682
PL-13;AL551024Z;-13.868;-54.691
PL-14;AL551025Z;-13.871;-54.693
PL-14;AL551830Z;-13.876;-54.696
PL-15;AL553708Z;-13.861;-54.709
PL-15;AL551887Z;-13.875;-54.712
PL-20;AL553760Z;-13.849;-54.757
PL-20;AL551967Z;-13.815;-54.712
PN-01;AL553761Z;-13.849;-54.757
PN-01;AL550605Z;-13.886;-54.692
PN-02;AL553762Z;-13.849;-54.757
PN-02;AL550606Z;-13.9;-54.694
PN-03;AL551888Z;-13.914;-54.693
PN-04;AL551968Z;-13.926;-54.713
PN-05;AL550381Z;-13.907;-54.712
PN-06;AL550380Z;-13.922;-54.721
PN-07;AL553545Z;-13.937;-54.724
PN-07;AL551969Z;-13.938;-54.726
PN-08;AL551970Z;-13.928;-54.758
PN-09;AL553763Z;-13.849;-54.757
PN-09;AL551372Z;-13.924;-54.762
PN-10;AL553764Z;-13.849;-54.757
PN-10;AL551972Z;-13.911;-54.767
PN-11;AL550377Z;-13.902;-54.798
PN-11;AL551976Z;-13.9;-54.78
PN-12;AL550375Z;-13.921;-54.774
PN-13;AL551973Z;-13.912;-54.782
PN-14;AL551029Z;-13.923;-54.786
PN-17;AL553767Z;-13.849;-54.757
PN-18;AL553768Z;-13.849;-54.757
PR-01;AL550609Z;-16.396;-55.165
PR-02;AL550610Z;-16.399;-55.181
PR-03;AL550611Z;-16.395;-55.19
PR-04;AL550612Z;-16.388;-55.193
PR-05;AL550613Z;-16.379;-55.196
PS-01;AL554233Z;-10.56;-45.607
PS-01;AL552686Z;-10.56;-45.607
PS-01;AL553268Z;-10.568;-45.607
PT-01;AL550614Z;-16.781;-53.821
PT-02;AL550615Z;-16.771;-53.816
PT-03;AL550616Z;-16.766;-53.807
PT-04;AL551355Z;-16.758;-53.802
PT-05;AL550618Z;-16.76;-53.796
PT-06;AL550619Z;-16.757;-53.789
PT-07;AL553947Z;-16.752;-53.79
PT-07;AL551063Z;-16.75;-53.786
PT-08;AL553948Z;-16.752;-53.79
PT-08;AL551064Z;-16.744;-53.786
PT-09;AL551065Z;-16.744;-53.792
PT-09;AL549942Z;-16.738;-53.789
PT-10;AL551066Z;-16.734;-53.788
PT-10;AL552010Z;-16.727;-53.792
PT-11;AL551067Z;-16.724;-53.797
PT-12;AL551293Z;-16.731;-53.802
PT-13;AL550895Z;-16.737;-53.808
PT-14;AL553949Z;-16.752;-53.79
PT-14;AL553696Z;-16.742;-53.81
PT-14;AL551068Z;-16.742;-53.81
PT-15;AL553950Z;-16.752;-53.79
PT-15;AL551069Z;-16.737;-53.821
PT-16;AL553951Z;-16.752;-53.79
PT-16;AL551070Z;-16.729;-53.815
PT-17;AL553952Z;-16.752;-53.79
PT-17;AL551071Z;-16.725;-53.81
PU-01;AL553824Z;-13.478;-56.192
PU-01;AL550371Z;-13.447;-56.19
PU-02;AL553825Z;-13.478;-56.192
PU-02;AL550369Z;-13.451;-56.202
PU-03;AL553826Z;-13.478;-56.192
PU-03;AL550367Z;-13.457;-56.191
PU-04;AL553827Z;-13.478;-56.192
PU-04;AL550366Z;-13.458;-56.205
PU-05;AL553828Z;-13.478;-56.192
PU-05;AL553681Z;-13.472;-56.182
PU-05;AL550363Z;-13.471;-56.18
PU-06;AL553829Z;-13.478;-56.192
PU-06;AL550361Z;-13.464;-56.194
PU-07;AL553830Z;-13.478;-56.192
PU-07;AL550359Z;-13.467;-56.21
PU-08;AL553831Z;-13.478;-56.192
PU-08;AL550356Z;-13.472;-56.198
PU-09;AL553832Z;-13.478;-56.192
PU-09;AL550354Z;-13.474;-56.213
PU-10;AL553833Z;-13.478;-56.192
PU-10;AL550353Z;-13.479;-56.204
PU-11;AL553834Z;-13.478;-56.192
PU-11;AL550351Z;-13.482;-56.217
PU-12;AL553835Z;-13.478;-56.192
PU-12;AL550350Z;-13.487;-56.207
PU-13;AL553836Z;-13.478;-56.192
PU-13;AL550349Z;-13.489;-56.22
PU-14;AL553837Z;-13.478;-56.192
PU-14;AL550348Z;-13.485;-56.195
PU-15;AL553838Z;-13.478;-56.192
PU-15;AL550347Z;-13.492;-56.202
PU-16;AL550622Z;-13.495;-56.189
PU-17;AL550623Z;-13.502;-56.195
PU-18;AL550624Z;-13.505;-56.185
PU-19;AL550625Z;-13.506;-56.194
PU-20;AL550626Z;-13.501;-56.214
PU-21;AL550627Z;-13.503;-56.227
PU-22;AL551952Z;-13.52;-56.244
PU-22;AL550628Z;-13.515;-56.239
PU-23;AL550629Z;-13.518;-56.265
PU-24;AL550630Z;-13.52;-56.273
PU-25;AL551216Z;-13.535;-56.255
PU-25;AL550631Z;-13.525;-56.258
PU-26;AL550632Z;-13.531;-56.268
PU-27;AL550922Z;-13.531;-56.277
PU-28;AL551955Z;-13.541;-56.267
PU-28;AL551218Z;-13.542;-56.272
PU-29;AL551219Z;-13.541;-56.281
QT-01;AL554125Z;-13.361;-55.664
QT-01;AL550346Z;-13.34;-55.664
QT-02;AL554126Z;-13.361;-55.664
QT-02;AL550345Z;-13.35;-55.67
QT-03;AL554127Z;-13.361;-55.664
QT-03;AL550344Z;-13.359;-55.674
QT-04;AL554128Z;-13.361;-55.664
QT-04;AL550343Z;-13.339;-55.68
QT-05;AL554129Z;-13.361;-55.664
QT-05;AL550342Z;-13.349;-55.685
QT-06;AL554130Z;-13.361;-55.664
QT-06;AL550341Z;-13.37;-55.682
QT-07;AL554131Z;-13.361;-55.664
QT-07;AL550339Z;-13.366;-55.697
QT-08;AL554132Z;-13.361;-55.664
QT-08;AL551009Z;-13.376;-55.695
QT-09;AL554133Z;-13.361;-55.664
QT-09;AL550337Z;-13.328;-55.685
QT-10;AL549310Z;-13.361;-55.664
QT-10;AL550335Z;-13.333;-55.708
QT-11;AL549941Z;-13.361;-55.664
QT-11;AL550332Z;-13.333;-55.735
QT-12;AL554134Z;-13.361;-55.664
QT-12;AL550330Z;-13.345;-55.691
QT-13;AL554135Z;-13.361;-55.664
QT-13;AL550329Z;-13.344;-55.701
QT-14;AL554136Z;-13.361;-55.664
QT-14;AL550327Z;-13.349;-55.715
QT-15;AL554137Z;-13.361;-55.664
QT-15;AL550326Z;-13.344;-55.732
QT-16;AL554138Z;-13.361;-55.664
QT-16;AL550323Z;-13.344;-55.74
QT-17;AL554139Z;-13.361;-55.664
QT-17;AL550842Z;-13.346;-55.748
SA-01;AL553953Z;-16.84;-53.964
SA-01;AL550634Z;-16.837;-53.969
SA-02;AL553954Z;-16.752;-53.79
SA-02;AL551852Z;-16.833;-53.96
SA-03;AL553955Z;-16.84;-53.964
SA-03;AL550636Z;-16.84;-53.961
SA-04;AL553956Z;-16.84;-53.964
SA-04;AL552035Z;-16.837;-53.954
SA-04;AL551224Z;-16.844;-53.959
SA-05;AL553957Z;-16.84;-53.964
SA-05;AL551225Z;-16.828;-53.95
SA-06;AL549931Z;-16.84;-53.964
SA-06;AL551226Z;-16.826;-53.957
SA-07;AL550897Z;-16.816;-53.951
SA-08;AL551228Z;-16.81;-53.942
SA-09;AL551229Z;-16.808;-53.935
SA-10;AL551230Z;-16.821;-53.945
SA-11;AL552037Z;-16.817;-53.938
SA-12;AL552038Z;-16.815;-53.93
SA-13;AL551231Z;-16.84;-53.964
SA-14;AL550898Z;-16.798;-53.915
SA-14;AL551376Z;-16.801;-53.922
SA-15;AL549158Z;-16.801;-53.913
SB-01;AL554067Z;-11.933;-56.299
SB-01;AL550322Z;-11.904;-56.34
SB-02;AL554068Z;-11.933;-56.299
SB-02;AL550321Z;-11.903;-56.327
SB-03;AL554069Z;-11.933;-56.299
SB-03;AL550319Z;-11.914;-56.351
SB-04;AL554070Z;-11.933;-56.299
SB-04;AL550318Z;-11.912;-56.329
SB-05;AL554071Z;-11.933;-56.299
SB-05;AL550316Z;-11.926;-56.332
SB-06;AL554072Z;-11.933;-56.299
SB-06;AL550314Z;-11.938;-56.329
SB-07;AL550638Z;-11.954;-56.328
SB-08;AL554056Z;-11.933;-56.299
SB-08;AL550313Z;-11.929;-56.312
SB-09;AL554057Z;-11.933;-56.299
SB-09;AL550312Z;-11.937;-56.311
SB-10;AL554058Z;-11.933;-56.299
SB-10;AL550311Z;-11.933;-56.293
SB-11;AL554059Z;-11.933;-56.299
SB-11;AL550310Z;-11.923;-56.29
SB-12;AL554060Z;-11.933;-56.299
SB-12;AL550309Z;-11.921;-56.28
SB-13;AL554061Z;-11.933;-56.299
SB-13;AL550306Z;-11.932;-56.284
SB-14;AL554062Z;-11.933;-56.299
SB-14;AL550305Z;-11.921;-56.26
SB-15;AL554063Z;-11.933;-56.299
SB-15;AL550304Z;-11.923;-56.248
SB-16;AL554064Z;-11.933;-56.299
SB-16;AL550303Z;-11.932;-56.257
SB-17;AL554065Z;-11.933;-56.299
SB-17;AL550302Z;-11.931;-56.239
SB-18;AL554066Z;-11.933;-56.299
SB-18;AL550301Z;-11.926;-56.221
SC-01;AL552039Z;-16.755;-53.88
SC-01;AL551074Z;-16.757;-53.878
SC-02;AL553646Z;-16.741;-53.884
SC-02;AL550639Z;-16.745;-53.884
SC-03;AL553647Z;-16.741;-53.884
SC-03;AL550640Z;-16.738;-53.885
SC-04;AL553648Z;-16.735;-53.872
SC-04;AL550641Z;-16.733;-53.877
SC-05;AL553649Z;-16.727;-53.869
SC-05;AL550642Z;-16.721;-53.869
SC-06;AL553651Z;-16.714;-53.865
SC-06;AL550643Z;-16.709;-53.864
SC-07;AL553958Z;-16.722;-53.863
SC-07;AL550644Z;-16.705;-53.857
SC-08;AL553959Z;-16.722;-53.863
SC-08;AL550645Z;-16.697;-53.856
SC-09;AL553960Z;-16.84;-53.964
SC-09;AL550646Z;-16.696;-53.849
SC-10;AL553961Z;-16.722;-53.863
SC-10;AL550647Z;-16.694;-53.844
SC-11;AL553962Z;-16.722;-53.863
SC-11-1;AL550300Z;-16.704;-53.839
SC-11-2;AL553552Z;-16.706;-53.844
SC-12;AL553963Z;-16.722;-53.863
SC-12;AL550648Z;-16.706;-53.849
SC-13;AL553964Z;-16.722;-53.863
SC-13;AL551090Z;-16.71;-53.835
SC-14;AL553965Z;-16.722;-53.863
SC-14;AL553641Z;-16.728;-53.837
SC-14;AL551075Z;-16.722;-53.841
SC-15;AL551233Z;-16.717;-53.858
SC-16;AL550649Z;-16.72;-53.862
SC-17;AL553966Z;-16.722;-53.863
SC-17;AL553650Z;-16.725;-53.867
SC-17;AL550650Z;-16.728;-53.866
SC-18;AL553731Z;-16.743;-53.864
SC-18;AL551076Z;-16.738;-53.86
SC-19;AL551783Z;-16.728;-53.861
SD-01;AL554311Z;-13.703;-52.725
SD-01;AL550830Z;-13.766;-52.695
SD-02;AL554312Z;-13.703;-52.725
SD-02;AL550831Z;-13.767;-52.689
SD-03;AL554313Z;-13.703;-52.725
SD-03;AL550651Z;-13.752;-52.7
SD-04;AL554314Z;-13.703;-52.725
SD-04;AL550652Z;-13.754;-52.683
SD-05;AL554315Z;-13.703;-52.725
SD-05;AL550653Z;-13.742;-52.693
SD-06;AL554316Z;-13.703;-52.725
SD-06;AL550655Z;-13.734;-52.695
SD-07;AL554317Z;-13.703;-52.725
SD-07;AL550656Z;-13.738;-52.68
SD-08;AL554318Z;-13.703;-52.725
SD-08;AL551739Z;-13.708;-52.683
SD-09;AL554319Z;-13.703;-52.725
SD-09;AL550657Z;-13.726;-52.676
SD-10;AL554320Z;-13.703;-52.725
SD-10;AL551740Z;-13.699;-52.686
SD-11;AL554321Z;-13.703;-52.725
SD-11;AL550878Z;-13.697;-52.659
SD-12;AL554322Z;-13.703;-52.725
SD-12;AL550659Z;-13.683;-52.679
SD-13;AL554323Z;-13.703;-52.725
SD-13;AL550978Z;-13.674;-52.658
SD-14;AL554324Z;-13.703;-52.725
SD-14;AL551544Z;-13.671;-52.691
SD-15;AL549956Z;-13.703;-52.725
SD-15;AL550661Z;-13.668;-52.674
SD-16;AL554325Z;-13.703;-52.725
SD-16;AL551741Z;-13.667;-52.66
SD-17;AL554326Z;-13.703;-52.725
SD-17;AL551546Z;-13.654;-52.659
SD-22;AL554335Z;-13.647;-52.613
SE-01;AL553931Z;-16.834;-54.079
SE-01;AL550296Z;-16.826;-54.079
SE-02;AL553932Z;-16.834;-54.079
SE-02;AL550294Z;-16.832;-54.086
SE-03;AL553933Z;-16.834;-54.079
SE-03;AL550293Z;-16.837;-54.093
SE-04;AL553934Z;-16.834;-54.079
SE-04;AL550291Z;-16.841;-54.099
SE-05;AL553935Z;-16.834;-54.079
SE-05;AL550289Z;-16.849;-54.109
Sede - Algodão;AL553452Z;-13.685;-56.041
Sede - Algodão;AL553419Z;-16.879;-53.981
Sede - Algodão;AL553451Z;-13.466;-56.188
Sede - Algodão;AL553421Z;-16.854;-53.94
Sede - Algodão;AL552063Z;-16.233;-55.121
Sede - Algodão;AL553042Z;-14.296;-56.465
Sede - Algodão;AL553001Z;-14.575;-58.704
Sede - Algodão;AL553420Z;-16.743;-53.795
Sede - Algodão;AL553418Z;-16.834;-53.999
Sede - Algodão;AL553412Z;-12.903;-56.372
Sede-Algodão;AL553416Z;-13.679;-55.53
Sede-Algodão;AL553414Z;-13.82;-54.764
Sede-Algodão;AL553413Z;-13.618;-55.479
Sede-Algodão;AL552060Z;-16.362;-55.077
Sede-Algodão;AL552457Z;-16.841;-53.966
Sede-Algodão;AL553004Z;-13.831;-59.081
Sede-Algodão;AL553034Z;-12.974;-56.221
Sede-Algodão;AL553033Z;-11.922;-56.297
Sede-Algodão;AL553018Z;-12.869;-56.34
Sede-Algodão;AL552409Z;-16.735;-53.916
Sede-Algodão;AL552450Z;-16.711;-53.888
Sede-Algodão;AL552411Z;-16.722;-53.862
Sede-Algodão;AL553032Z;-13.361;-55.666
Sede-Algodão;AL553025Z;-11.924;-56.157
Sede-Algodão;AL553039Z;-12.856;-56.437
Sede-Algodão;AL553021Z;-12.92;-56.324
Sede-Algodão;AL552462Z;-16.805;-53.655
Sede-Algodão;AL553019Z;-12.978;-56.192
Sede-Algodão;AL553036Z;-13.37;-55.72
Sede-Algodão;AL553029Z;-12.22;-55.854
Sede-Algodão;AL552451Z;-16.782;-53.944
SEDE-Algodão;AL553312Z;-13.313;-56.571
Sede-Cobertura;AL553739Z;-16.754;-54.596
Sede-Cobertura;AL552062Z;-16.233;-55.121
Sede-Cobertura;AL553670Z;-15.963;-55.301
Sede-Cobertura;AL553669Z;-16.362;-55.077
Sede-Cobertura;AL553554Z;-10.62;-45.481
Sede-Cobertura;AL553555Z;-10.592;-45.427
Sede-Cobertura;AL553687Z;-15.963;-55.301
Sede-Cobertura;AL553560Z;-12.76;-56.384
Sede-Cobertura;AL553594Z;-14.877;-52.28
Sede-Cobertura;AL553608Z;-13.728;-52.687
Sede-Cobertura;AL553737Z;-13.346;-53.957
Sede-Cobertura;AL552924Z;-16.754;-54.596
Sede-Cobertura;AL552925Z;-16.754;-54.596
Sede-Cobertura;AL553553Z;-10.487;-45.41
SEDE-Cobertura;AL553559Z;-13.313;-56.571
Sede-C. Sudão;AL553610Z;-13.728;-52.687
Sede-Gergilim;AL553611Z;-13.728;-52.687
Sede-Milho;AL552887Z;-13.728;-52.687
Sede-Milho;AL552402Z;-16.788;-54.811
Sede-Milho;AL553028Z;-12.22;-55.854
Sede-Milho;AL553031Z;-13.361;-55.666
Sede-Milho;AL553017Z;-12.903;-56.371
Sede-Milho;AL553736Z;-14.877;-52.28
Sede-Milho;AL552458Z;-16.854;-53.94
Sede-Milho;AL553022Z;-12.92;-56.324
Sede-Milho;AL553014Z;-12.903;-56.371
Sede-Milho;AL553002Z;-14.575;-58.704
Sede-Milho;AL552405Z;-16.795;-54.117
Sede-Milho;AL552412Z;-16.674;-53.884
Sede-Milho;AL552454Z;-16.863;-53.984
Sede-Milho;AL553531Z;-13.685;-56.041
Sede-Milho;AL553518Z;-15.963;-55.301
Sede-Milho;AL553500Z;-15.963;-55.301
Sede-Milho;AL553519Z;-16.754;-54.596
Sede-Milho;AL552996Z;-16.714;-53.759
Sede-Milho;AL552452Z;-16.782;-53.944
Sede-Milho;AL552456Z;-16.839;-53.964
Sede-Milho;AL552410Z;-16.722;-53.862
Sede-Milho;AL552404Z;-16.747;-53.775
Sede-Milho;AL553520Z;-16.754;-54.596
Sede-Milho;AL553461Z;-13.313;-56.571
Sede-Milho;AL553460Z;-13.456;-56.587
Sede-Milho;AL553459Z;-13.466;-56.188
Sede-Milho;AL553458Z;-12.903;-56.371
Sede-Milho;AL553457Z;-13.679;-55.53
Sede-Milho;AL553456Z;-13.664;-55.633
Sede-Milho;AL553455Z;-13.71;-55.627
Sede-Milho;AL553453Z;-13.618;-55.479
Sede-Milho;AL553037Z;-13.37;-55.719
Sede-Milho;AL552460Z;-16.879;-53.981
Sede-Milho;AL552408Z;-16.735;-53.916
Sede-Milho;AL552461Z;-16.805;-53.655
Sede-Milho;AL553447Z;-16.755;-53.974
Sede-Milho;AL553448Z;-16.786;-53.894
Sede-Milho;AL552998Z;-16.754;-53.746
Sede-Milho;AL553024Z;-12.76;-56.384
Sede-Milho;AL553449Z;-16.757;-53.835
Sede-Milho;AL553446Z;-16.832;-54.079
Sede-Milho;AL552997Z;-16.743;-53.795
Sede-Milho;AL552995Z;-16.714;-53.759
Sede-Milho;AL552994Z;-16.714;-53.759
Sede-Milho;AL552449Z;-16.711;-53.888
Sede-Milho;AL553433Z;-16.724;-53.644
Sede-Milho;AL552927Z;-16.754;-54.596
Sede-Milho;AL552929Z;-16.754;-54.596
Sede-Milho;AL552922Z;-16.754;-54.596
sede-Soja;AL553203Z;-14.877;-52.28
Sede-Soja;AL553263Z;-16.724;-53.644
Sede-Soja;AL552980Z;-13.831;-59.081
Sede-Soja;AL552932Z;-12.869;-56.34
Sede-Soja;AL552931Z;-12.978;-56.192
Sede-Soja;AL552941Z;-10.538;-45.603
Sede-Soja;AL552942Z;-12.856;-56.437
Sede-Soja;AL552940Z;-10.401;-45.481
Sede-Soja;AL552933Z;-12.92;-56.324
Sede-Soja;AL552935Z;-12.76;-56.384
Sede-Soja;AL552939Z;-11.922;-56.297
Sede-Soja;AL552947Z;-16.711;-53.888
Sede-Soja;AL552993Z;-13.685;-56.041
Sede-Soja;AL552973Z;-16.863;-53.984
Sede-Soja;AL552965Z;-16.714;-53.759
Sede-Soja;AL552972Z;-16.834;-53.999
Sede-Soja;AL552967Z;-16.757;-53.835
Sede-Soja;AL552953Z;-16.832;-54.079
Sede-Soja;AL552960Z;-16.839;-53.964
Sede-Soja;AL552954Z;-16.805;-53.656
Sede-Soja;AL552948Z;-16.702;-53.91
Sede-Soja;AL553030Z;-13.361;-55.666
Sede-Soja;AL552990Z;-12.903;-56.371
Sede-Soja;AL552971Z;-16.839;-53.965
Sede-Soja;AL553027Z;-12.22;-55.854
Sede-Soja;AL552970Z;-16.714;-53.759
Sede-Soja;AL552989Z;-13.194;-56.763
Sede-Soja;AL552966Z;-16.743;-53.794
Sede-Soja;AL552969Z;-16.754;-53.746
Sede-Soja;AL552968Z;-16.753;-53.746
Sede-Soja;AL553035Z;-12.974;-56.221
Sede-Soja;AL552991Z;-13.466;-56.188
Sede-Soja;AL552950Z;-16.722;-53.862
Sede-Soja;AL552977Z;-13.728;-52.687
Sede-Soja;AL552951Z;-16.674;-53.884
Sede-Soja;AL552946Z;-16.755;-53.974
Sede-Soja;AL552963Z;-16.714;-53.759
Sede-Soja;AL552964Z;-16.714;-53.759
Sede-Soja;AL552952Z;-16.796;-54.117
Sede-Soja;AL552959Z;-16.786;-53.894
Sede-Soja;AL552956Z;-16.948;-53.604
Sede-Soja;AL553058Z;-14.575;-58.704
Sede-Soja;AL553038Z;-13.37;-55.72
Sede-Soja;AL552926Z;-16.788;-54.811
Sede-Soja;AL552958Z;-16.879;-53.981
Sede-Soja;AL552961Z;-16.854;-53.94
Sede-Soja;AL552962Z;-16.863;-53.984
Sede-Soja;AL553015Z;-12.903;-56.371
Sede-Soja;AL552992Z;-13.456;-56.587
Sede-Soja;AL552957Z;-16.931;-53.643
Sede-Soja;AL552976Z;-13.346;-53.957
Sede-Soja;AL552955Z;-16.939;-53.668
Sede-Soja;AL552890Z;-10.487;-45.41
Sede-Soja;AL552892Z;-10.62;-45.481
Sede-Soja;AL552893Z;-10.592;-45.427
Sede-Soja;AL552919Z;-11.924;-56.157
Sede-Soja;AL552891Z;-10.572;-45.338
Sede-Soja;AL552918Z;-12.903;-56.371
SEDE-Soja;AL552934Z;-13.618;-55.479
SEDE-Soja;AL552936Z;-13.71;-55.627
SEDE-Soja;AL552938Z;-13.679;-55.53
SEDE-Soja;AL552937Z;-13.664;-55.633
SEDE-Soja;AL552889Z;-13.313;-56.571
SEDE-Soja;AL552917Z;-13.82;-54.764
SG-01;AL550287Z;-16.713;-53.916
SG-02;AL550285Z;-16.704;-53.915
SG-03;AL550283Z;-16.695;-53.912
SG-04-1;AL550281Z;-16.686;-53.914
SG-04-2;AL553556Z;-16.686;-53.911
SG-04-3;AL553557Z;-16.687;-53.911
SG-05;AL550280Z;-16.679;-53.909
SG-06;AL550278Z;-16.706;-53.907
SG-07;AL550276Z;-16.698;-53.902
SG-08;AL551072Z;-16.688;-53.903
SG-08;AL550274Z;-16.693;-53.894
SG-09;AL551073Z;-16.696;-53.89
SH-01;AL551930Z;-14.54;-58.609
SH-01;AL551906Z;-14.546;-58.615
SH-02;AL551931Z;-14.558;-58.603
SH-02;AL551910Z;-14.551;-58.605
SH-03;AL551934Z;-14.57;-58.603
SH-04;AL554256Z;-14.563;-58.622
SH-04;AL553720Z;-14.565;-58.619
SH-04;AL551935Z;-14.557;-58.617
SH-05;AL554260Z;-14.563;-58.622
SH-05;AL551016Z;-14.557;-58.631
SH-06;AL554264Z;-14.563;-58.622
SH-06;AL553722Z;-14.573;-58.628
SH-06;AL552030Z;-14.562;-58.629
SH-07;AL551821Z;-14.555;-58.643
SH-08;AL552031Z;-14.561;-58.658
SH-08;AL551822Z;-14.559;-58.649
SH-09;AL554266Z;-14.563;-58.622
SH-09;AL551018Z;-14.568;-58.641
SH-10;AL554268Z;-14.563;-58.622
SH-10;AL552032Z;-14.626;-58.645
SH-10;AL551892Z;-14.626;-58.648
SH-11;AL554272Z;-14.582;-58.599
SH-11;AL552033Z;-14.582;-58.599
SI-01;AL553867Z;-16.751;-53.66
SI-01;AL553434Z;-16.751;-53.66
SI-02;AL553868Z;-16.696;-53.629
SI-02;AL553435Z;-16.745;-53.66
SI-03;AL553869Z;-16.696;-53.629
SI-03;AL553436Z;-16.734;-53.659
SI-04;AL553870Z;-16.726;-53.651
SI-04;AL553437Z;-16.726;-53.651
SI-05;AL553871Z;-16.735;-53.647
SI-05;AL553438Z;-16.735;-53.647
SI-06;AL553872Z;-16.696;-53.629
SI-06;AL553439Z;-16.746;-53.648
SI-07;AL553873Z;-16.754;-53.647
SI-07;AL553440Z;-16.754;-53.647
SI-08;AL553874Z;-16.696;-53.629
SI-08;AL553441Z;-16.761;-53.644
SI-09;AL553875Z;-16.696;-53.629
SI-09;AL553442Z;-16.763;-53.649
SI-10;AL553876Z;-16.696;-53.629
SI-10;AL553443Z;-16.742;-53.636
SI-11;AL553877Z;-16.696;-53.629
SI-11;AL553444Z;-16.734;-53.631
SI-12;AL553855Z;-16.696;-53.629
SI-12;AL553422Z;-16.703;-53.63
SI-13;AL553856Z;-16.696;-53.629
SI-13;AL553423Z;-16.707;-53.642
SI-14;AL553857Z;-16.696;-53.629
SI-14;AL553424Z;-16.709;-53.654
SI-15;AL553858Z;-16.696;-53.629
SI-15;AL553425Z;-16.698;-53.662
SI-16;AL553859Z;-16.696;-53.629
SI-16;AL553426Z;-16.697;-53.649
SI-17;AL553860Z;-16.696;-53.629
SI-17;AL553427Z;-16.694;-53.636
SI-18;AL553861Z;-16.696;-53.629
SI-18;AL553428Z;-16.692;-53.623
SI-19;AL553862Z;-16.696;-53.629
SI-19;AL553429Z;-16.684;-53.622
SI-20;AL553863Z;-16.674;-53.607
SI-20;AL553430Z;-16.674;-53.607
SI-21;AL553864Z;-16.675;-53.591
SI-21;AL553431Z;-16.675;-53.591
SI-22;AL553865Z;-16.674;-53.58
SI-22;AL553432Z;-16.674;-53.58
SI-23;AL553866Z;-16.696;-53.629
SI-23;AL553521Z;-16.682;-53.566
SJ-01;AL550662Z;-16.77;-53.767
SJ-02;AL550663Z;-16.768;-53.777
SJ-03;AL550664Z;-16.756;-53.772
SJ-04;AL550665Z;-16.753;-53.765
SJ-05;AL550666Z;-16.748;-53.762
SJ-06;AL550667Z;-16.741;-53.759
SJ-07;AL550668Z;-16.737;-53.75
SJ-08;AL550669Z;-16.728;-53.745
SJ-09;AL550670Z;-16.735;-53.767
SJ-10;AL551080Z;-16.73;-53.767
SJ-11;AL551081Z;-16.726;-53.777
SJ-12;AL551082Z;-16.73;-53.781
SJ-13;AL550671Z;-16.744;-53.773
SJ-14;AL553269Z;-16.756;-53.746
SJ-14;AL550672Z;-16.743;-53.779
SJ-15;AL553967Z;-16.756;-53.746
SJ-15;AL551083Z;-16.75;-53.783
SL-01-1;AL550865Z;-16.407;-55.165
SL-01-2;AL550393Z;-16.406;-55.166
SL-01-3;AL553698Z;-16.411;-55.162
SL-02-1;AL550866Z;-16.412;-55.171
SL-02-2;AL550394Z;-16.407;-55.174
SL-03;AL554171Z;-16.425;-55.177
SL-03;AL551238Z;-16.415;-55.178
SL-04;AL554172Z;-16.425;-55.177
SL-04;AL551239Z;-16.419;-55.182
SL-05;AL554173Z;-16.425;-55.177
SL-05;AL551240Z;-16.426;-55.185
SL-06;AL553155Z;-16.425;-55.177
SL-06;AL553683Z;-16.435;-55.184
SL-06;AL551241Z;-16.432;-55.189
SL-07;AL554174Z;-16.425;-55.177
SL-07;AL551242Z;-16.421;-55.196
SL-08;AL551295Z;-16.415;-55.162
SL-09;AL553741Z;-16.406;-55.181
SL-09;AL553463Z;-16.408;-55.191
SL-10;AL554331Z;-16.425;-55.177
SL-10;AL553684Z;-16.419;-55.2
SL-11;AL554332Z;-16.425;-55.177
SL-11;AL553685Z;-16.43;-55.201
SL-12;AL554333Z;-16.425;-55.177
SL-12;AL553686Z;-16.443;-55.195
SM-01;AL551243Z;-16.748;-53.826
SM-02;AL551077Z;-16.739;-53.832
SM-03;AL551078Z;-16.744;-53.841
SM-04;AL551079Z;-16.752;-53.849
SM-05;AL551244Z;-16.76;-53.845
SM-05;AL553700Z;-16.757;-53.84
SN-01;AL550879Z;-16.265;-55.148
SN-02;AL550673Z;-16.254;-55.136
SN-03;AL550674Z;-16.243;-55.132
SN-04;AL551373Z;-16.256;-55.127
SN-05;AL551374Z;-16.247;-55.121
SN-06-1;AL550677Z;-16.228;-55.125
SN-06-2;AL551237Z;-16.235;-55.126
SN-07-1;AL550678Z;-16.232;-55.115
SN-07-2;AL553450Z;-16.232;-55.115
SN-08;AL551939Z;-16.244;-55.107
SN-08;AL550679Z;-16.23;-55.065
SN-09;AL550680Z;-16.224;-55.107
SO-01;AL551220Z;-10.601;-45.436
SO-01;AL548275Z;-10.603;-45.466
SO-02;AL551221Z;-10.584;-45.436
SO-02;AL548277Z;-10.584;-45.436
SO-03;AL551222Z;-10.581;-45.423
SO-03;AL548276Z;-10.581;-45.423
SO-04;AL554232Z;-10.602;-45.42
SO-04;AL551223Z;-10.601;-45.426
SO-04;AL548278Z;-10.601;-45.426
SO-05;AL552885Z;-10.602;-45.42
SO-05;AL553267Z;-10.558;-45.594
SP-01;AL552273Z;-16.736;-54.599
SP-01;AL550681Z;-16.771;-54.588
SP-02;AL552274Z;-16.736;-54.599
SP-02-1;AL550682Z;-16.767;-54.585
SP-02-2;AL553639Z;-16.768;-54.581
SP-03;AL554206Z;-16.736;-54.599
SP-03;AL550683Z;-16.767;-54.562
SP-04;AL554210Z;-16.736;-54.599
SP-04;AL551382Z;-16.759;-54.556
SP-05;AL554207Z;-16.736;-54.599
SP-05;AL551828Z;-16.772;-54.563
SP-06;AL550685Z;-16.76;-54.584
SP-07;AL550686Z;-16.76;-54.593
SP-08;AL550688Z;-16.762;-54.601
SP-09;AL550689Z;-16.752;-54.595
SP-10;AL550690Z;-16.755;-54.602
SP-11;AL550691Z;-16.745;-54.598
SP-12;AL550692Z;-16.747;-54.607
SP-13;AL550693Z;-16.736;-54.612
SP-14;AL550694Z;-16.734;-54.619
SP-15;AL551184Z;-16.735;-54.64
SP-16;AL554208Z;-16.736;-54.599
SP-16;AL551351Z;-16.72;-54.644
SP-17;AL551185Z;-16.703;-54.649
SP-18;AL551245Z;-16.691;-54.637
SP-19;AL554237Z;-16.693;-54.624
SP-19;AL551246Z;-16.685;-54.622
SP-20;AL554209Z;-16.736;-54.599
SP-20;AL551186Z;-16.672;-54.615
SP-21;AL548697Z;-16.701;-54.629
SP-21;AL551773Z;-16.702;-54.635
SP-22;AL554242Z;-16.719;-54.625
SP-22;AL551248Z;-16.715;-54.636
SP-23;AL554244Z;-16.708;-54.623
SP-23;AL551249Z;-16.711;-54.628
SR-01;AL554175Z;-16.386;-55.162
SR-01;AL550860Z;-16.386;-55.178
SR-02;AL554176Z;-16.425;-55.177
SR-02;AL550861Z;-16.385;-55.17
SR-03;AL554177Z;-16.425;-55.177
SR-03;AL550862Z;-16.38;-55.162
SR-04;AL554178Z;-16.425;-55.177
SR-04;AL550863Z;-16.379;-55.18
SR-05;AL554179Z;-16.425;-55.177
SR-05;AL550266Z;-16.376;-55.173
SR-06;AL554180Z;-16.386;-55.162
SR-06;AL550264Z;-16.372;-55.164
SR-07;AL554181Z;-16.386;-55.162
SR-07;AL553724Z;-16.37;-55.154
SR-07;AL551296Z;-16.368;-55.156
SR-08;AL554182Z;-16.386;-55.162
SR-08;AL553725Z;-16.364;-55.15
SR-08;AL551297Z;-16.364;-55.15
SR-09;AL554183Z;-16.386;-55.162
SR-09;AL551250Z;-16.36;-55.143
SR-10;AL554184Z;-16.386;-55.162
SR-10;AL550864Z;-16.369;-55.183
SR-11;AL554185Z;-16.386;-55.162
SR-11;AL550262Z;-16.366;-55.176
SR-12;AL554186Z;-16.386;-55.162
SR-12;AL550261Z;-16.362;-55.168
SR-13;AL554187Z;-16.386;-55.162
SR-13;AL551321Z;-16.358;-55.158
SR-14;AL554188Z;-16.386;-55.162
SR-14;AL553726Z;-16.355;-55.153
SR-14;AL551322Z;-16.355;-55.153
SR-15;AL554189Z;-16.386;-55.162
SR-15;AL551943Z;-16.355;-55.145
SR-16;AL554190Z;-16.386;-55.162
SR-16;AL551298Z;-16.357;-55.186
SR-17;AL554191Z;-16.386;-55.162
SR-17;AL551299Z;-16.354;-55.181
SR-18;AL554192Z;-16.386;-55.162
SR-18;AL551300Z;-16.351;-55.173
SR-19;AL554193Z;-16.386;-55.162
SR-19;AL551947Z;-16.348;-55.163
SR-20;AL554194Z;-16.386;-55.162
SR-20;AL551302Z;-16.346;-55.153
SR-21;AL553445Z;-16.354;-55.138
SS-01;AL551956Z;-14.306;-56.459
SS-02;AL551957Z;-14.302;-56.451
SS-03;AL553644Z;-14.304;-56.44
SS-03;AL551958Z;-14.306;-56.441
SS-04;AL553645Z;-14.293;-56.433
SS-04;AL551959Z;-14.293;-56.435
SS-05;AL551749Z;-14.289;-56.44
SS-06;AL551750Z;-14.294;-56.449
SS-07;AL551751Z;-14.285;-56.462
SS-08;AL551882Z;-14.292;-56.475
SS-08;AL551752Z;-14.289;-56.471
SS-09;AL551753Z;-14.27;-56.482
SS-10;AL551754Z;-14.275;-56.486
SS-10;AL553533Z;-14.276;-56.49
SS-11;AL553534Z;-14.272;-56.494
SS-11;AL551755Z;-14.275;-56.496
SS-12;AL551756Z;-14.226;-56.54
SS-13;AL551757Z;-14.219;-56.523
SS-14;AL551758Z;-14.209;-56.501
ST-01;AL553787Z;-13.677;-55.533
ST-01;AL553616Z;-13.68;-55.538
ST-01;AL550260Z;-13.673;-55.54
ST-02;AL553788Z;-13.677;-55.533
ST-02;AL553617Z;-13.681;-55.549
ST-02;AL550259Z;-13.675;-55.551
ST-03;AL553789Z;-13.677;-55.533
ST-03;AL553618Z;-13.683;-55.56
ST-03;AL550258Z;-13.676;-55.562
ST-04;AL549920Z;-13.677;-55.533
ST-04;AL553619Z;-13.684;-55.571
ST-04;AL550256Z;-13.678;-55.573
ST-05;AL553790Z;-13.677;-55.533
ST-05;AL553620Z;-13.685;-55.582
ST-05;AL553614Z;-13.675;-55.59
ST-05;AL550695Z;-13.679;-55.582
ST-06;AL553791Z;-13.677;-55.533
ST-06;AL550696Z;-13.683;-55.596
ST-07;AL553792Z;-13.677;-55.533
ST-07;AL550697Z;-13.691;-55.596
ST-08;AL553793Z;-13.677;-55.533
ST-08;AL550698Z;-13.699;-55.589
ST-09;AL553621Z;-13.685;-55.582
ST-09;AL550699Z;-13.695;-55.579
ST-10;AL553794Z;-13.677;-55.533
ST-10;AL552023Z;-13.69;-55.566
ST-11;AL551030Z;-13.703;-55.569
ST-12;AL553795Z;-13.677;-55.533
ST-12;AL551843Z;-13.699;-55.554
ST-12;AL550701Z;-13.694;-55.558
ST-13;AL551844Z;-13.695;-55.549
ST-13;AL550702Z;-13.687;-55.55
ST-14;AL553637Z;-13.695;-55.542
ST-14;AL552024Z;-13.686;-55.534
ST-15;AL552025Z;-13.696;-55.539
ST-15;AL550704Z;-13.692;-55.533
ST-16;AL551849Z;-13.709;-55.555
ST-17;AL553796Z;-13.677;-55.533
ST-17;AL550926Z;-13.713;-55.543
ST-18;AL553797Z;-13.724;-55.541
ST-18;AL551850Z;-13.724;-55.541
ST-19;AL553798Z;-13.677;-55.533
ST-19;AL551851Z;-13.73;-55.541
ST-20;AL550810Z;-13.731;-55.555
ST-21;AL550809Z;-13.741;-55.548
ST-22;AL551031Z;-13.742;-55.558
ST-23;AL551032Z;-13.75;-55.546
ST-24;AL553799Z;-13.677;-55.533
ST-24;AL550254Z;-13.748;-55.53
ST-25;AL553800Z;-13.677;-55.533
ST-25;AL550253Z;-13.758;-55.541
ST-25;AL551033Z;-13.759;-55.527
ST-26;AL553801Z;-13.677;-55.533
ST-26;AL550820Z;-13.769;-55.526
ST-27;AL553802Z;-13.677;-55.533
ST-27;AL550821Z;-13.777;-55.523
ST-28;AL550250Z;-13.672;-55.529
ST-29;AL550249Z;-13.684;-55.526
ST-30;AL550245Z;-13.696;-55.524
ST-31;AL550244Z;-13.713;-55.518
ST-32;AL551872Z;-13.725;-55.521
ST-33;AL550242Z;-13.67;-55.519
ST-34;AL553803Z;-13.677;-55.533
ST-34;AL550241Z;-13.683;-55.517
ST-35;AL550240Z;-13.696;-55.515
ST-36;AL550239Z;-13.709;-55.514
ST-37;AL550238Z;-13.726;-55.512
ST-38;AL550927Z;-13.728;-55.498
ST-39;AL550237Z;-13.723;-55.501
ST-40;AL550236Z;-13.708;-55.501
ST-41;AL550235Z;-13.701;-55.505
ST-42;AL553804Z;-13.691;-55.502
ST-42;AL550805Z;-13.691;-55.502
ST-43;AL553805Z;-13.677;-55.533
ST-43;AL550803Z;-13.679;-55.501
ST-44;AL550802Z;-13.671;-55.508
ST-45;AL550800Z;-13.658;-55.503
ST-46;AL553806Z;-13.677;-55.533
ST-46;AL550234Z;-13.661;-55.54
ST-47;AL553807Z;-13.677;-55.533
ST-47;AL550233Z;-13.65;-55.542
ST-48;AL553808Z;-13.677;-55.533
ST-48;AL550232Z;-13.638;-55.545
ST-49;AL553809Z;-13.677;-55.533
ST-49;AL550230Z;-13.625;-55.548
ST-50;AL553810Z;-13.677;-55.533
ST-50;AL550229Z;-13.612;-55.55
ST-51;AL550228Z;-13.599;-55.553
ST-52;AL553811Z;-13.677;-55.533
ST-52;AL550227Z;-13.585;-55.555
ST-53;AL550226Z;-13.574;-55.557
ST-54;AL550225Z;-13.661;-55.532
ST-55;AL550224Z;-13.65;-55.535
ST-56;AL550223Z;-13.638;-55.537
ST-57;AL550222Z;-13.625;-55.54
ST-58;AL553812Z;-13.677;-55.533
ST-58;AL550220Z;-13.612;-55.543
ST-59;AL553813Z;-13.677;-55.533
ST-59;AL550219Z;-13.598;-55.545
ST-60;AL553814Z;-13.677;-55.533
ST-60;AL550218Z;-13.585;-55.547
ST-61;AL553815Z;-13.573;-55.549
ST-61;AL550216Z;-13.573;-55.549
ST-62;AL553816Z;-13.677;-55.533
ST-62;AL550215Z;-13.564;-55.549
ST-63;AL550214Z;-13.571;-55.539
ST-64;AL553817Z;-13.677;-55.533
ST-64;AL550213Z;-13.584;-55.536
ST-65;AL550212Z;-13.598;-55.534
ST-66;AL550211Z;-13.595;-55.525
ST-67;AL552026Z;-13.584;-55.52
ST-68;AL550209Z;-13.571;-55.528
ST-69;AL553818Z;-13.677;-55.533
ST-69;AL550208Z;-13.609;-55.532
ST-70;AL550799Z;-13.609;-55.522
ST-71;AL550798Z;-13.624;-55.534
ST-72;AL553638Z;-13.623;-55.516
ST-72;AL550797Z;-13.632;-55.524
ST-73;AL550207Z;-13.653;-55.527
ST-74;AL550796Z;-13.649;-55.512
ST-75;AL550795Z;-13.639;-55.516
ST-76;AL550794Z;-13.648;-55.502
ST-77;AL551375Z;-13.633;-55.509
ST-78;AL550206Z;-13.669;-55.56
ST-79;AL550792Z;-13.672;-55.587
SU-01;AL550205Z;-16.85;-53.958
SU-02;AL550204Z;-16.849;-53.945
SU-03;AL551252Z;-16.833;-53.944
SU-03-1;AL550203Z;-16.838;-53.943
SU-03-2;AL553541Z;-16.838;-53.943
SU-04;AL553972Z;-16.843;-53.93
SU-04;AL551253Z;-16.842;-53.93
SU-04;AL553713Z;-16.84;-53.93
SU-04;AL550202Z;-16.84;-53.934
SU-05;AL553973Z;-16.843;-53.93
SU-05;AL551254Z;-16.828;-53.937
SU-06;AL553975Z;-16.843;-53.93
SU-06;AL553710Z;-16.83;-53.928
SU-06;AL551255Z;-16.83;-53.928
TA-01;AL551256Z;-13.308;-56.461
TA-02;AL551257Z;-13.33;-56.494
TA-03;AL551258Z;-13.332;-56.486
TA-04;AL551259Z;-13.348;-56.477
TA-05;AL551260Z;-13.353;-56.487
TA-06;AL551261Z;-13.336;-56.491
TA-07;AL551262Z;-13.348;-56.497
TA-08;AL551263Z;-13.365;-56.503
TA-09;AL551264Z;-13.362;-56.51
TA-10;AL551265Z;-13.349;-56.506
TA-11;AL550791Z;-13.34;-56.507
TA-12;AL550790Z;-13.331;-56.511
TA-13;AL550789Z;-13.328;-56.526
TA-14;AL550788Z;-13.337;-56.531
TA-15;AL552017Z;-13.345;-56.511
TA-16;AL551267Z;-13.348;-56.537
TA-17;AL550787Z;-13.334;-56.545
TA-18;AL550786Z;-13.322;-56.542
TA-19;AL550785Z;-13.315;-56.555
TA-20;AL550784Z;-13.33;-56.561
TA-21;AL551379Z;-13.346;-56.559
TA-22;AL550783Z;-13.319;-56.573
TA-23;AL550782Z;-13.306;-56.574
TA-24;AL550781Z;-13.307;-56.566
TA-25;AL551268Z;-13.281;-56.559
TA-26;AL551269Z;-13.285;-56.547
TA-27;AL553848Z;-13.314;-56.58
TA-27;AL550195Z;-13.289;-56.586
TA-28;AL553849Z;-13.314;-56.58
TA-28;AL550194Z;-13.302;-56.588
TA-29;AL553377Z;-13.362;-56.496
TA-29;AL550193Z;-13.309;-56.596
TA-30;AL553850Z;-13.314;-56.58
TA-30;AL550191Z;-13.307;-56.606
TA-31;AL553851Z;-13.314;-56.58
TA-31;AL550189Z;-13.292;-56.605
TA-32;AL553852Z;-13.314;-56.58
TA-32;AL550187Z;-13.293;-56.619
TA-33;AL553853Z;-13.314;-56.58
TA-33;AL550186Z;-13.306;-56.618
TA-34;AL553378Z;-13.362;-56.496
TA-34;AL550185Z;-13.32;-56.617
TA-35;AL553379Z;-13.362;-56.496
TA-35;AL550184Z;-13.318;-56.608
TA-36;AL553854Z;-13.362;-56.496
TA-36;AL550183Z;-13.32;-56.594
TA-37;AL550890Z;-13.334;-56.591
TA-38;AL550780Z;-13.33;-56.573
TA-39;AL550779Z;-13.345;-56.583
TA-40;AL550778Z;-13.347;-56.577
TA-41;AL550777Z;-13.371;-56.575
TA-42;AL550877Z;-13.369;-56.59
TA-43;AL551378Z;-13.365;-56.601
TA-44;AL550775Z;-13.384;-56.604
TA-45;AL550774Z;-13.379;-56.598
TA-SD1;AL551275Z;-13.266;-56.534
TA-SD2;AL551276Z;-13.266;-56.551
TA-SD3;AL551277Z;-13.267;-56.56
TP-01;AL550773Z;-16.761;-53.762
TP-02;AL550772Z;-16.754;-53.754
TP-03;AL550771Z;-16.766;-53.758
TP-04;AL550770Z;-16.759;-53.75
TP-05;AL550769Z;-16.769;-53.753
TP-06;AL550768Z;-16.763;-53.746
TP-07;AL550767Z;-16.756;-53.737
TP-08;AL550766Z;-16.746;-53.728
TP-09;AL550765Z;-16.749;-53.739
TP-10;AL550764Z;-16.739;-53.729
TP-11;AL550763Z;-16.748;-53.747
TP-12;AL550762Z;-16.743;-53.742
TP-13;AL550761Z;-16.735;-53.733
TP-14;AL550760Z;-16.736;-53.743
TU-01;AL550182Z;-13.655;-56.042
TU-02;AL550181Z;-13.647;-56.052
TU-03;AL550180Z;-13.65;-56.06
TU-04;AL550167Z;-13.667;-56.043
TU-05-1;AL550166Z;-13.668;-56.057
TU-05-2;AL553536Z;-13.666;-56.052
TU-05-3;AL553537Z;-13.666;-56.05
TU-05-4;AL553538Z;-13.666;-56.053
TU-05-5;AL553539Z;-13.666;-56.055
TU-06;AL551743Z;-13.663;-56.064
TU-06;AL553208Z;-13.671;-56.065
TU-07;AL550173Z;-13.664;-56.073
TU-08;AL551894Z;-13.68;-56.041
TU-09;AL550159Z;-13.676;-56.059
TU-10;AL550158Z;-13.677;-56.071
TU-11;AL550876Z;-13.682;-56.071
TU-12;AL550758Z;-13.684;-56.045
UM-01;AL551278Z;-13.828;-59.119
UM-02;AL551279Z;-13.818;-59.113
UM-03;AL550756Z;-13.822;-59.107
UM-04;AL553884Z;-13.826;-59.11
UM-04;AL550755Z;-13.832;-59.113
UM-05;AL550157Z;-13.836;-59.105
UM-06;AL553673Z;-13.827;-59.099
UM-06;AL550156Z;-13.827;-59.099
UM-07;AL554275Z;-13.832;-59.082
UM-07;AL553674Z;-13.843;-59.095
UM-07;AL550155Z;-13.843;-59.095
UM-08;AL554276Z;-13.832;-59.082
UM-08;AL553883Z;-13.837;-59.091
UM-08;AL550153Z;-13.833;-59.089
UM-09;AL554277Z;-13.832;-59.082
UM-09;AL550151Z;-13.822;-59.085
UM-10;AL553672Z;-13.816;-59.084
UM-10;AL550148Z;-13.817;-59.077
UM-11;AL550147Z;-13.831;-59.061
UM-12;AL550149Z;-13.835;-59.069
UM-13;AL553675Z;-13.842;-59.074
UM-13-1;AL550145Z;-13.839;-59.08
UM-13-2;AL553546Z;-13.844;-59.071
UM-14;AL553676Z;-13.852;-59.08
UM-14-1;AL550144Z;-13.849;-59.086
UM-14-2;AL553547Z;-13.854;-59.077
UM-15;AL554278Z;-13.832;-59.082
UM-15;AL550754Z;-13.862;-59.064
UM-16;AL554279Z;-13.832;-59.082
UM-16;AL550753Z;-13.852;-59.059
UM-17;AL554280Z;-13.832;-59.082
UM-17;AL550143Z;-13.845;-59.054
UM-18;AL554281Z;-13.832;-59.082
UM-18;AL550142Z;-13.835;-59.048
UM-19;AL554282Z;-13.832;-59.082
UM-19;AL551845Z;-13.841;-59.037
UM-20;AL554283Z;-13.832;-59.082
UM-20;AL550141Z;-13.852;-59.043
UM-21;AL554284Z;-13.832;-59.082
UM-21;AL550140Z;-13.862;-59.049
UM-22;AL551380Z;-13.868;-59.044
UM-23;AL554285Z;-13.832;-59.082
UM-23;AL551280Z;-13.872;-59.027
UM-24;AL551281Z;-13.856;-59.037
UM-25;AL550915Z;-13.84;-59.027
VC-01;AL554141Z;-12.972;-56.221
VC-01;AL550139Z;-12.961;-56.217
VC-02;AL554142Z;-12.972;-56.221
VC-02;AL550138Z;-12.978;-56.21
VC-03;AL554143Z;-12.972;-56.221
VC-03;AL550137Z;-12.981;-56.216
VC-04;AL554144Z;-12.972;-56.221
VC-04;AL550135Z;-12.969;-56.227
VC-05;AL554145Z;-12.972;-56.221
VC-05;AL550133Z;-12.989;-56.228
VD-01;AL551381Z;-13.859;-54.726
VD-02;AL553550Z;-13.826;-54.759
VD-02;AL551974Z;-13.833;-54.765
VD-03;AL551975Z;-13.825;-54.793
VE-01;AL551323Z;-10.453;-45.486
VE-02;AL551324Z;-10.438;-45.484
VE-03;AL551325Z;-10.425;-45.479
VE-04;AL551326Z;-10.41;-45.477
VE-05;AL551327Z;-10.445;-45.498
VE-06;AL551328Z;-10.432;-45.497
VE-07;AL551329Z;-10.419;-45.492
VE-08;AL551330Z;-10.409;-45.487
VE-09;AL551331Z;-10.435;-45.513
VE-10;AL552064Z;-10.426;-45.509
VE-11;AL552065Z;-10.414;-45.504
VE-12;AL552066Z;-10.401;-45.499
VE-13;AL552067Z;-10.392;-45.466
VE-14;AL552068Z;-10.381;-45.462
VE-15;AL552069Z;-10.368;-45.457
VE-16;AL552070Z;-10.358;-45.453
VE-17;AL552071Z;-10.386;-45.478
VE-18;AL552072Z;-10.375;-45.474
VE-19;AL552073Z;-10.363;-45.469
VE-20;AL552074Z;-10.353;-45.465
VE-21;AL552075Z;-10.38;-45.491
VE-22;AL552076Z;-10.37;-45.487
VE-23;AL554334Z;-10.36;-45.484
VE-23;AL552077Z;-10.357;-45.479
VE-24;AL552078Z;-10.347;-45.479
VI-10;AL550129Z;-16.676;-53.895
VI-11;AL550750Z;-16.662;-53.902
VI-12;AL550918Z;-16.663;-53.883
VI-12;AL551084Z;-16.667;-53.881
VI-13;AL550749Z;-16.659;-53.865
VI-14;AL553006Z;-16.634;-53.856
VR-01;AL554140Z;-13.371;-55.718
VR-01;AL550740Z;-13.387;-55.709
VR-02;AL554146Z;-13.371;-55.718
VR-02;AL550739Z;-13.395;-55.716
VR-03;AL554147Z;-13.371;-55.718
VR-03;AL550738Z;-13.379;-55.718
VR-04;AL554148Z;-13.371;-55.718
VR-04;AL550737Z;-13.388;-55.725
VR-05;AL554149Z;-13.371;-55.718
VR-05;AL550122Z;-13.372;-55.728
VR-06;AL554150Z;-13.383;-55.735
VR-06;AL550736Z;-13.387;-55.736
VR-06;AL553415Z;-13.383;-55.735
VS-01;AL554211Z;-16.79;-54.812
VS-01;AL550735Z;-16.747;-54.856
VS-02;AL554212Z;-16.79;-54.812
VS-02;AL550816Z;-16.75;-54.845
VS-03;AL554213Z;-16.79;-54.812
VS-03;AL550734Z;-16.757;-54.865
VS-04;AL554214Z;-16.79;-54.812
VS-04;AL550733Z;-16.763;-54.856
VS-05;AL554215Z;-16.79;-54.812
VS-05;AL550732Z;-16.776;-54.853
VS-06;AL554216Z;-16.79;-54.812
VS-06;AL550731Z;-16.783;-54.835
VS-07;AL554217Z;-16.79;-54.812
VS-07;AL550730Z;-16.791;-54.855
VS-08;AL554218Z;-16.79;-54.812
VS-08;AL550729Z;-16.794;-54.842
VS-09;AL554219Z;-16.79;-54.812
VS-09;AL550728Z;-16.803;-54.854
VS-10;AL554220Z;-16.79;-54.812
VS-10;AL551093Z;-16.806;-54.846
VS-11;AL550726Z;-16.807;-54.833
VS-12-1;AL550725Z;-16.812;-54.808
VS-12-2;AL553543Z;-16.81;-54.818
VS-13;AL550908Z;-16.81;-54.794
VS-14;AL550724Z;-16.797;-54.831
VS-15-1;AL550723Z;-16.8;-54.821
VS-15-2;AL553540Z;-16.801;-54.815
VS-16;AL550722Z;-16.802;-54.802
VS-17;AL550721Z;-16.79;-54.821
VS-18;AL550720Z;-16.792;-54.807
VS-19;AL550719Z;-16.783;-54.819
VS-20;AL550718Z;-16.782;-54.811
VS-21;AL550717Z;-16.762;-54.81
VS-22;AL550716Z;-16.778;-54.802
VS-23;AL550715Z;-16.794;-54.791
VS-24;AL551098Z;-16.803;-54.783
VS-25;AL550713Z;-16.797;-54.776
VS-26;AL550712Z;-16.785;-54.783
VS-27;AL552282Z;-16.79;-54.812
VS-27;AL550711Z;-16.769;-54.792
VS-28;AL554221Z;-16.79;-54.812
VS-28-1;AL550710Z;-16.751;-54.806
VS-28-2;AL553688Z;-16.748;-54.799
VS-29;AL553111Z;-16.741;-54.79
VS-29;AL551234Z;-16.741;-54.79
VS-30;AL552285Z;-16.759;-54.879
VS-30;AL550708Z;-16.76;-54.781
VS-31;AL553695Z;-16.752;-54.768
VS-31;AL551235Z;-16.752;-54.768
VS-32;AL550907Z;-16.782;-54.774
VS-32;AL551236Z;-16.778;-54.776
VT-01;AL553501Z;-15.908;-55.364
VT-17;AL553513Z;-15.901;-55.277
WS-01;AL551282Z;-10.528;-45.627
WS-02;AL551283Z;-10.515;-45.626
WS-03;AL552662Z;-10.528;-45.638
WS-03;AL551284Z;-10.506;-45.625
WS-04;AL552747Z;-10.528;-45.638
WS-04;AL551285Z;-10.499;-45.62
WS-05;AL551303Z;-10.544;-45.613
WS-06;AL551304Z;-10.531;-45.611
WS-07;AL551305Z;-10.522;-45.608
WS-08;AL551306Z;-10.514;-45.604
WS-09;AL551286Z;-10.505;-45.601
WS-10;AL552749Z;-10.528;-45.638
WS-10;AL551287Z;-10.497;-45.598
WS-11;AL551307Z;-10.548;-45.6
WS-12;AL552742Z;-10.528;-45.638
WS-12;AL551308Z;-10.537;-45.595
WS-13;AL552743Z;-10.528;-45.638
WS-13;AL551309Z;-10.528;-45.592
WS-14;AL552665Z;-10.528;-45.638
WS-14;AL551332Z;-10.52;-45.589
WS-15;AL552744Z;-10.528;-45.638
WS-15;AL551333Z;-10.511;-45.586
WS-16;AL552745Z;-10.528;-45.638
WS-16;AL551310Z;-10.502;-45.582
WS-17;AL552746Z;-10.528;-45.638
WS-17;AL551311Z;-10.494;-45.579
WS-18;AL552666Z;-10.528;-45.638
WS-18;AL551334Z;-10.548;-45.587
WS-19;AL552667Z;-10.528;-45.638
WS-19;AL551335Z;-10.542;-45.582
WS-20;AL552668Z;-10.528;-45.638
WS-20;AL551336Z;-10.534;-45.579
WS-21;AL552669Z;-10.528;-45.638
WS-21;AL551337Z;-10.525;-45.575
WS-22;AL552670Z;-10.528;-45.638
WS-22;AL551338Z;-10.516;-45.572
WS-23;AL552671Z;-10.528;-45.638
WS-23;AL551312Z;-10.507;-45.569
WS-24;AL552672Z;-10.528;-45.638
WS-24;AL551313Z;-10.499;-45.566
WS-25;AL552673Z;-10.528;-45.638
WS-25;AL551314Z;-10.493;-45.563
WS-26;AL552674Z;-10.528;-45.638
WS-26;AL551339Z;-10.512;-45.553
WS-27;AL552675Z;-10.528;-45.638
WS-27;AL551340Z;-10.505;-45.55
WS-28;AL552676Z;-10.528;-45.638
WS-28;AL551341Z;-10.495;-45.546
WS-29;AL552677Z;-10.528;-45.638
WS-29;AL551342Z;-10.519;-45.536
WS-30;AL552678Z;-10.528;-45.638
WS-30;AL551343Z;-10.511;-45.533
WS-31;AL552679Z;-10.528;-45.638
WS-31;AL551344Z;-10.503;-45.529
WS-32;AL552680Z;-10.528;-45.638
WS-32;AL551345Z;-10.494;-45.526
WS-33;AL552681Z;-10.528;-45.638
WS-33;AL551346Z;-10.525;-45.519
WS-34;AL552682Z;-10.528;-45.638
WS-34;AL551347Z;-10.518;-45.516
WS-35;AL552683Z;-10.528;-45.638
WS-35;AL551348Z;-10.51;-45.513
WS-36;AL552684Z;-10.528;-45.638
WS-36;AL551349Z;-10.501;-45.509
WS-37;AL552685Z;-10.528;-45.638
WS-37;AL551350Z;-10.492;-45.506
YA-01;AL554151Z;-12.857;-56.423
YA-01-1;AL550117Z;-12.85;-56.437
YA-01-2;AL553682Z;-12.845;-56.427
YA-02;AL554152Z;-12.857;-56.423
YA-02;AL550116Z;-12.862;-56.428
YA-03;AL554153Z;-12.857;-56.423
YA-03;AL550113Z;-12.866;-56.432
YA-04;AL554154Z;-12.857;-56.423
YA-04;AL550110Z;-12.875;-56.421
YA-05;AL554155Z;-12.857;-56.423
YA-05;AL550109Z;-12.868;-56.406
YA-06;AL554156Z;-12.857;-56.423
YA-06;AL550108Z;-12.883;-56.442
ZE-01;AL553734Z;-13.748;-52.645
ZE-01;AL550982Z;-13.748;-52.645
ZE-02;AL550983Z;-13.727;-52.66
ZE-02;AL549895Z;-13.727;-52.66
ZE-03;AL550984Z;-13.743;-52.631
ZE-04;AL550985Z;-13.718;-52.649
ZE-04;AL549897Z;-13.718;-52.649
ZE-05;AL550986Z;-13.737;-52.622
ZE-06;AL550987Z;-13.722;-52.61
ZE-07;AL550988Z;-13.746;-52.593
ZE-08;AL550989Z;-13.71;-52.568
ZE-09;AL550990Z;-13.759;-52.609
ZE-10;AL550991Z;-13.707;-52.554
ZE-11;AL553733Z;-13.766;-52.636
ZE-11;AL550992Z;-13.766;-52.636
ZE-11;AL549904Z;-13.764;-52.648
ZE-12;AL550993Z;-13.781;-52.615
ZE-13;AL550994Z;-13.78;-52.646
ZE-13;AL549906Z;-13.78;-52.646
ZE-13-2;AL553730Z;-13.78;-52.646
ZG-01;AL554226Z;-10.488;-45.411
ZG-01;AL551124Z;-10.483;-45.457
ZG-01;AL548314Z;-10.483;-45.457
ZG-02;AL554227Z;-10.488;-45.411
ZG-02;AL551125Z;-10.484;-45.416
ZG-02;AL548315Z;-10.484;-45.416
ZG-03;AL554228Z;-10.488;-45.411
ZG-03;AL551126Z;-10.488;-45.375
ZG-03;AL549742Z;-10.488;-45.375
BE-14;AL549601Z;-12.911;-56.369
BR-06;AL548349Z;-14.58;-58.702
BR-14;AL548362Z;-14.58;-58.702
BR-19;AL552114Z;-14.58;-58.702
BR-20;AL552115Z;-14.58;-58.702
BR-23;AL552117Z;-14.58;-58.702
BR-23;AL553769Z;-14.63;-58.754
BR-23;AL553389Z;-14.63;-58.754
BR-24;AL552118Z;-14.58;-58.702
BR-24;AL553770Z;-14.626;-58.747
BR-24;AL553390Z;-14.626;-58.747
BR-25;AL552119Z;-14.58;-58.702
BR-25;AL553771Z;-14.629;-58.737
BR-25;AL553391Z;-14.629;-58.737
BR-26;AL552120Z;-14.58;-58.702
BR-26;AL553772Z;-14.633;-58.728
BR-26;AL553462Z;-14.633;-58.728
BS-04;AL548447Z;-16.847;-53.642
BT-01;AL553643Z;-10.47;-45.496
CN-01;AL549944Z;-10.445;-45.388
CU-05;AL552203Z;-13.224;-56.718
CU-06;AL552204Z;-13.224;-56.723
CU-07;AL552205Z;-13.224;-56.723
CU-08;AL552206Z;-13.224;-56.723
CU-09;AL552207Z;-13.224;-56.723
CU-10;AL552208Z;-13.224;-56.723
CU-11;AL552209Z;-13.224;-56.723
CU-12;AL552210Z;-13.224;-56.723
CU-13;AL552211Z;-13.224;-56.723
CU-14;AL552212Z;-13.224;-56.723
CU-15;AL552213Z;-13.224;-56.723
DV-01;AL554097Z;-12.921;-56.323
DV-01;AL551824Z;-12.929;-56.357
EUC-01;AL548182Z;-13.675;-55.598
EUC-01;AL549430Z;-16.37;-55.044
EUC-02;AL548268Z;-13.74;-55.564
EUC-02;AL549432Z;-16.376;-55.058
EUC-03;AL548267Z;-13.752;-55.555
EUC-03;AL549431Z;-16.384;-55.069
EUC-04;AL548266Z;-13.76;-55.543
EUC-04;AL549575Z;-16.415;-55.143
MI-12;AL549465Z;-16.396;-55.111
MI-14;AL551792Z;-16.4;-55.118
PASTO - MI-12;AL551791Z;-16.4;-55.106
PASTO - MI-14;AL549466Z;-16.407;-55.114
PASTO - MI-16;AL549455Z;-16.404;-55.131
PASTO - MI-25;AL549461Z;-16.388;-55.146
PASTO - MI-26;AL549462Z;-16.382;-55.126
PASTO - MI-51;AL549989Z;-16.343;-55.018
PASTO - MI-52;AL549439Z;-16.334;-55.021
PASTO - MI-53;AL549440Z;-16.338;-55.032
PASTO - MI-54;AL549434Z;-16.341;-55.043
PASTO - MI-55;AL549435Z;-16.343;-55.052
PASTO - MI-56;AL552054Z;-16.337;-55.06
PASTO - MI-57;AL552055Z;-16.332;-55.081
PASTO - MI-58;AL552056Z;-16.373;-55.132
PASTO - MI-59;AL552057Z;-16.382;-55.147
PL-16;AL553299Z;-13.814;-54.751
PL-16;AL553454Z;-13.818;-54.747
PL-16;AL551963Z;-13.81;-54.752
PL-17;AL553758Z;-13.849;-54.757
PL-17;AL551964Z;-13.833;-54.737
PL-18;AL553300Z;-13.814;-54.751
PL-18;AL553544Z;-13.842;-54.728
PL-18;AL551965Z;-13.844;-54.718
PL-19;AL553759Z;-13.849;-54.757
PL-19;AL551966Z;-13.838;-54.715
PN-15;AL553765Z;-13.849;-54.757
PN-15;AL551745Z;-13.895;-54.774
PN-16;AL553766Z;-13.849;-54.757
PN-16;AL551746Z;-13.899;-54.762
PN-17;AL551747Z;-13.909;-54.752
PN-18;AL551748Z;-13.915;-54.736
PN-19;AL551735Z;-13.904;-54.733
PN-20;AL551736Z;-13.895;-54.727
PN-21;AL551737Z;-13.89;-54.722
PN-22;AL551738Z;-13.884;-54.715
PT-09;AL548545Z;-16.752;-53.79
SB-07;AL548279Z;-11.933;-56.299
SD-18;AL554327Z;-13.703;-52.725
SD-18;AL551547Z;-13.645;-52.658
SD-19;AL554328Z;-13.703;-52.725
SD-19;AL551548Z;-13.638;-52.642
SD-20;AL554329Z;-13.703;-52.725
SD-20;AL551549Z;-13.631;-52.627
SD-21;AL554330Z;-13.703;-52.725
SD-21;AL552001Z;-13.637;-52.659
Sede - Algodão;AL553003Z;-13.852;-57.459
Sede - Algodão;AL548189Z;-11.883;-56.252
Sede-Milho;AL549321Z;-13.194;-56.763
SH-05;AL553721Z;-14.549;-58.631
SN-09;AL551940Z;-16.214;-55.113
TM-01;AL551948Z;-13.17;-56.821
TM-02;AL551949Z;-13.164;-56.818
TM-03;AL551950Z;-13.183;-56.826
TM-04;AL551951Z;-13.187;-56.825
VE-01;AL552657Z;-13.17;-56.771
VE-02;AL552658Z;-13.17;-56.771
VE-03;AL552659Z;-13.17;-56.771
VE-04;AL554234Z;-13.17;-56.771
VE-05;AL554235Z;-13.17;-56.771
VE-06;AL554236Z;-13.17;-56.771
VE-07;AL554238Z;-13.17;-56.771
VE-08;AL554239Z;-13.17;-56.771
VE-09;AL554240Z;-13.17;-56.771
VE-10;AL554241Z;-13.17;-56.771
VE-11;AL554243Z;-13.17;-56.771
VE-12;AL554245Z;-13.17;-56.771
VE-13;AL554246Z;-13.17;-56.771
VE-14;AL554247Z;-13.17;-56.771
VE-23;AL553011Z;-13.17;-56.771
VE-24;AL553012Z;-13.17;-56.771
VT-02;AL553502Z;-15.899;-55.359
VT-03;AL553503Z;-15.896;-55.35
VT-04;AL551402Z;-15.896;-55.35
VT-05;AL553666Z;-15.893;-55.328
VT-06;AL553667Z;-15.908;-55.32
VT-07;AL553668Z;-15.9;-55.32
VT-08;AL553282Z;-15.963;-55.301
VT-08;AL553504Z;-15.891;-55.314
VT-09;AL553283Z;-15.963;-55.301
VT-09;AL553505Z;-15.879;-55.312
VT-10;AL553506Z;-15.872;-55.293
VT-11;AL553507Z;-15.879;-55.301
VT-12;AL553508Z;-15.883;-55.289
VT-13;AL553287Z;-15.963;-55.301
VT-13;AL553702Z;-15.893;-55.303
VT-13;AL553509Z;-15.895;-55.31
VT-14;AL553510Z;-15.905;-55.308
VT-15;AL553289Z;-15.963;-55.301
VT-15;AL553703Z;-15.894;-55.292
VT-15;AL553511Z;-15.895;-55.292
VT-16;AL553512Z;-15.906;-55.294
VT-18;AL553514Z;-15.89;-55.275
VT-19;AL553705Z;-15.898;-55.265
VT-19-1;AL553515Z;-15.898;-55.265
VT-19-2;AL553704Z;-15.898;-55.265
VT-20;AL553706Z;-15.916;-55.272
VT-20;AL553516Z;-15.915;-55.27
VT-21;AL553517Z;-15.927;-55.274
VT-22;AL551420Z;-15.946;-55.276
WS-01;AL552660Z;-13.17;-56.771
WS-02;AL552661Z;-13.17;-56.771
WS-05;AL552663Z;-13.17;-56.771
WS-06;AL554222Z;-13.17;-56.771
WS-07;AL554223Z;-13.17;-56.771
WS-08;AL554224Z;-13.17;-56.771
WS-11;AL552664Z;-13.17;-56.771
